regime,family,mechanism,observable,n,G
R0_random,ridge,soft,Sn,98,1.0
R0_random,ridge,soft,S2n,76,1.0
R0_random,ridge,soft,Sp,86,1.0
R0_random,ridge,soft,S2p,82,1.0
R0_random,ridge,soft,delta2n,11,1.0
R0_random,ridge,soft,delta2p,12,1.0
R0_random,ridge,residual,Sn,98,1.3921053350191026
R0_random,ridge,residual,S2n,76,0.9844144853095161
R0_random,ridge,residual,Sp,86,1.1440495722142214
R0_random,ridge,residual,S2p,82,1.0407145818940748
R0_random,ridge,residual,delta2n,11,0.8706757676562438
R0_random,ridge,residual,delta2p,12,0.910928609212483
R0_random,ridge,adaptive,Sn,98,1.2580962380302259
R0_random,ridge,adaptive,S2n,76,1.0392692087484519
R0_random,ridge,adaptive,Sp,86,1.0803456536701441
R0_random,ridge,adaptive,S2p,82,0.8694524742485571
R0_random,ridge,adaptive,delta2n,11,0.9989644608599556
R0_random,ridge,adaptive,delta2p,12,0.7601094314529898
R0_random,hgb,soft,Sn,98,2.34060001047112
R0_random,hgb,soft,S2n,76,2.0780723050224204
R0_random,hgb,soft,Sp,86,2.3072304497144662
R0_random,hgb,soft,S2p,82,2.3130704224313665
R0_random,hgb,soft,delta2n,11,2.611117056247476
R0_random,hgb,soft,delta2p,12,2.5665276325031554
R0_random,hgb,residual,Sn,98,8.50736613895859
R0_random,hgb,residual,S2n,76,6.078790455405743
R0_random,hgb,residual,Sp,86,7.249332017612782
R0_random,hgb,residual,S2p,82,7.7394216295752765
R0_random,hgb,residual,delta2n,11,10.244528394507594
R0_random,hgb,residual,delta2p,12,9.31680743758626
R0_random,hgb,adaptive,Sn,98,2.0503005807218537
R0_random,hgb,adaptive,S2n,76,1.9219654263125434
R0_random,hgb,adaptive,Sp,86,2.018558199311939
R0_random,hgb,adaptive,S2p,82,2.099768071578086
R0_random,hgb,adaptive,delta2n,11,2.247399416113092
R0_random,hgb,adaptive,delta2p,12,2.0889109418361995
R0_random,mlp,soft,Sn,98,2.0794046389387577
R0_random,mlp,soft,S2n,76,1.5479847303831211
R0_random,mlp,soft,Sp,86,2.113148751366193
R0_random,mlp,soft,S2p,82,1.7059671912773562
R0_random,mlp,soft,delta2n,11,1.521036917216174
R0_random,mlp,soft,delta2p,12,2.271397415912939
R0_random,mlp,residual,Sn,98,4.824727661252184
R0_random,mlp,residual,S2n,76,4.3501497909184
R0_random,mlp,residual,Sp,86,5.3599083521279764
R0_random,mlp,residual,S2p,82,5.498616732463681
R0_random,mlp,residual,delta2n,11,2.296956314481052
R0_random,mlp,residual,delta2p,12,4.142645824730514
R0_random,mlp,adaptive,Sn,98,1.9645578427801456
R0_random,mlp,adaptive,S2n,76,1.4851759820412098
R0_random,mlp,adaptive,Sp,86,1.9278740579457385
R0_random,mlp,adaptive,S2p,82,1.655692582147423
R0_random,mlp,adaptive,delta2n,11,1.5326060717801713
R0_random,mlp,adaptive,delta2p,12,1.9115334411952822
R1_Ca,ridge,soft,Sn,18,1.0
R1_Ca,ridge,soft,S2n,17,1.0
R1_Ca,ridge,soft,delta2n,15,1.0
R1_Ca,ridge,residual,Sn,18,1.0316606994165507
R1_Ca,ridge,residual,S2n,17,0.9937198131979674
R1_Ca,ridge,residual,delta2n,15,1.0327810574464504
R1_Ca,ridge,adaptive,Sn,18,0.9829038573247428
R1_Ca,ridge,adaptive,S2n,17,0.9925517585716863
R1_Ca,ridge,adaptive,delta2n,15,1.0085739078761624
R1_Ca,hgb,soft,Sn,18,2.0280695831133486
R1_Ca,hgb,soft,S2n,17,1.4586900354197652
R1_Ca,hgb,soft,delta2n,15,1.4060916900314115
R1_Ca,hgb,residual,Sn,18,6.29951449050267
R1_Ca,hgb,residual,S2n,17,3.9437457668709985
R1_Ca,hgb,residual,delta2n,15,3.462613988697053
R1_Ca,hgb,adaptive,Sn,18,1.6922689335704675
R1_Ca,hgb,adaptive,S2n,17,1.3204457169678483
R1_Ca,hgb,adaptive,delta2n,15,1.2525483656166991
R1_Ca,mlp,soft,Sn,18,1.3931145654593375
R1_Ca,mlp,soft,S2n,17,1.325696072410961
R1_Ca,mlp,soft,delta2n,15,1.3088292311359788
R1_Ca,mlp,residual,Sn,18,1.6991135035700555
R1_Ca,mlp,residual,S2n,17,1.8508011730001783
R1_Ca,mlp,residual,delta2n,15,1.8001760094252184
R1_Ca,mlp,adaptive,Sn,18,1.4127378061703508
R1_Ca,mlp,adaptive,S2n,17,1.3524106709858443
R1_Ca,mlp,adaptive,delta2n,15,1.3096876836414666
R1_Sn,ridge,soft,Sn,31,1.0
R1_Sn,ridge,soft,S2n,30,1.0
R1_Sn,ridge,soft,delta2n,28,1.0
R1_Sn,ridge,residual,Sn,31,1.0173299327488499
R1_Sn,ridge,residual,S2n,30,0.9866193804150425
R1_Sn,ridge,residual,delta2n,28,0.9791685266055289
R1_Sn,ridge,adaptive,Sn,31,0.9043489030613472
R1_Sn,ridge,adaptive,S2n,30,0.8668957670751227
R1_Sn,ridge,adaptive,delta2n,28,0.9417709748579244
R1_Sn,hgb,soft,Sn,31,1.6860244612324509
R1_Sn,hgb,soft,S2n,30,1.4008339376342622
R1_Sn,hgb,soft,delta2n,28,2.0240035996719743
R1_Sn,hgb,residual,Sn,31,4.9959091717900685
R1_Sn,hgb,residual,S2n,30,5.563556784619819
R1_Sn,hgb,residual,delta2n,28,5.200664927912325
R1_Sn,hgb,adaptive,Sn,31,1.4780982688765014
R1_Sn,hgb,adaptive,S2n,30,1.4889758526830947
R1_Sn,hgb,adaptive,delta2n,28,1.6280485913938374
R1_Sn,mlp,soft,Sn,31,1.0705710417403915
R1_Sn,mlp,soft,S2n,30,1.0176913840111297
R1_Sn,mlp,soft,delta2n,28,1.4740361501177053
R1_Sn,mlp,residual,Sn,31,3.2397373383357135
R1_Sn,mlp,residual,S2n,30,5.100107606748977
R1_Sn,mlp,residual,delta2n,28,3.6928695879404194
R1_Sn,mlp,adaptive,Sn,31,1.0586330480222481
R1_Sn,mlp,adaptive,S2n,30,1.0098414901994788
R1_Sn,mlp,adaptive,delta2n,28,1.4713157140682083
R1_Ni,ridge,soft,Sn,21,1.0
R1_Ni,ridge,soft,S2n,20,1.0
R1_Ni,ridge,soft,delta2n,18,1.0
R1_Ni,ridge,residual,Sn,21,1.3681424709246353
R1_Ni,ridge,residual,S2n,20,1.238957252858096
R1_Ni,ridge,residual,delta2n,18,1.0416627675647332
R1_Ni,ridge,adaptive,Sn,21,1.1628531984866226
R1_Ni,ridge,adaptive,S2n,20,1.0337652640490398
R1_Ni,ridge,adaptive,delta2n,18,0.9649431377500356
R1_Ni,hgb,soft,Sn,21,2.2573116436068466
R1_Ni,hgb,soft,S2n,20,1.6346751970848095
R1_Ni,hgb,soft,delta2n,18,1.9900492377603813
R1_Ni,hgb,residual,Sn,21,5.294519328959741
R1_Ni,hgb,residual,S2n,20,4.0052357617248875
R1_Ni,hgb,residual,delta2n,18,3.718639078636953
R1_Ni,hgb,adaptive,Sn,21,1.7357707390354995
R1_Ni,hgb,adaptive,S2n,20,1.4939938010065923
R1_Ni,hgb,adaptive,delta2n,18,1.6362533965329609
R1_Ni,mlp,soft,Sn,21,1.5998421856283485
R1_Ni,mlp,soft,S2n,20,1.6103554316761313
R1_Ni,mlp,soft,delta2n,18,1.6284975905809507
R1_Ni,mlp,residual,Sn,21,2.8229653157802064
R1_Ni,mlp,residual,S2n,20,2.9404918299633254
R1_Ni,mlp,residual,delta2n,18,2.5264847727986752
R1_Ni,mlp,adaptive,Sn,21,1.5817245644394562
R1_Ni,mlp,adaptive,S2n,20,1.598609325841186
R1_Ni,mlp,adaptive,delta2n,18,1.5866286097386784
R1_Pb,ridge,soft,Sn,37,1.0
R1_Pb,ridge,soft,S2n,36,1.0
R1_Pb,ridge,soft,delta2n,34,1.0
R1_Pb,ridge,residual,Sn,37,0.9752876146248988
R1_Pb,ridge,residual,S2n,36,1.012137789945355
R1_Pb,ridge,residual,delta2n,34,1.000150935759339
R1_Pb,ridge,adaptive,Sn,37,0.9878911541801668
R1_Pb,ridge,adaptive,S2n,36,0.9359483009332324
R1_Pb,ridge,adaptive,delta2n,34,0.9767644649870558
R1_Pb,hgb,soft,Sn,37,2.0427727778452835
R1_Pb,hgb,soft,S2n,36,1.8206504522918303
R1_Pb,hgb,soft,delta2n,34,2.355367020853099
R1_Pb,hgb,residual,Sn,37,5.384285682623972
R1_Pb,hgb,residual,S2n,36,6.1261242995151965
R1_Pb,hgb,residual,delta2n,34,5.564803800712139
R1_Pb,hgb,adaptive,Sn,37,1.7182175841838971
R1_Pb,hgb,adaptive,S2n,36,1.8866561909859876
R1_Pb,hgb,adaptive,delta2n,34,1.8090080873739887
R1_Pb,mlp,soft,Sn,37,1.4701896858064578
R1_Pb,mlp,soft,S2n,36,1.5361297975809367
R1_Pb,mlp,soft,delta2n,34,1.7303821403157706
R1_Pb,mlp,residual,Sn,37,5.1870158510600355
R1_Pb,mlp,residual,S2n,36,9.150551506158289
R1_Pb,mlp,residual,delta2n,34,3.0633224501842733
R1_Pb,mlp,adaptive,Sn,37,1.4324710817753286
R1_Pb,mlp,adaptive,S2n,36,1.486759815338858
R1_Pb,mlp,adaptive,delta2n,34,1.6473370758782468
R2_neutron_rich,ridge,soft,Sn,390,1.0
R2_neutron_rich,ridge,soft,S2n,307,1.0
R2_neutron_rich,ridge,soft,Sp,330,1.0
R2_neutron_rich,ridge,soft,S2p,219,1.0
R2_neutron_rich,ridge,soft,delta2n,143,1.0
R2_neutron_rich,ridge,soft,delta2p,58,1.0
R2_neutron_rich,ridge,residual,Sn,390,1.3209452790132417
R2_neutron_rich,ridge,residual,S2n,307,1.1181532989347969
R2_neutron_rich,ridge,residual,Sp,330,1.192361601481193
R2_neutron_rich,ridge,residual,S2p,219,1.1269721377720119
R2_neutron_rich,ridge,residual,delta2n,143,1.0112807208180903
R2_neutron_rich,ridge,residual,delta2p,58,1.0200770483594044
R2_neutron_rich,ridge,adaptive,Sn,390,1.2783927627949139
R2_neutron_rich,ridge,adaptive,S2n,307,1.3743566850324003
R2_neutron_rich,ridge,adaptive,Sp,330,1.3815993267195994
R2_neutron_rich,ridge,adaptive,S2p,219,1.5571885421463154
R2_neutron_rich,ridge,adaptive,delta2n,143,1.0596816793515422
R2_neutron_rich,ridge,adaptive,delta2p,58,1.0861254646079388
R2_neutron_rich,hgb,soft,Sn,390,2.6750858945397513
R2_neutron_rich,hgb,soft,S2n,307,2.738600043588337
R2_neutron_rich,hgb,soft,Sp,330,2.880320315312735
R2_neutron_rich,hgb,soft,S2p,219,2.931490026761793
R2_neutron_rich,hgb,soft,delta2n,143,2.341161746515601
R2_neutron_rich,hgb,soft,delta2p,58,2.3059813140549412
R2_neutron_rich,hgb,residual,Sn,390,6.004269695914317
R2_neutron_rich,hgb,residual,S2n,307,6.918765306843221
R2_neutron_rich,hgb,residual,Sp,330,5.922275732020572
R2_neutron_rich,hgb,residual,S2p,219,7.005395374927312
R2_neutron_rich,hgb,residual,delta2n,143,4.58137262041918
R2_neutron_rich,hgb,residual,delta2p,58,4.689021239977491
R2_neutron_rich,hgb,adaptive,Sn,390,1.8179595390015706
R2_neutron_rich,hgb,adaptive,S2n,307,1.7925834525175153
R2_neutron_rich,hgb,adaptive,Sp,330,1.7612511643092499
R2_neutron_rich,hgb,adaptive,S2p,219,1.7745984980957448
R2_neutron_rich,hgb,adaptive,delta2n,143,1.7295473701572925
R2_neutron_rich,hgb,adaptive,delta2p,58,1.668557938248259
R2_neutron_rich,mlp,soft,Sn,390,2.337768633008974
R2_neutron_rich,mlp,soft,S2n,307,2.6091958755822042
R2_neutron_rich,mlp,soft,Sp,330,2.594444867571526
R2_neutron_rich,mlp,soft,S2p,219,2.8227868087908226
R2_neutron_rich,mlp,soft,delta2n,143,1.7059494916789844
R2_neutron_rich,mlp,soft,delta2p,58,2.273868984926186
R2_neutron_rich,mlp,residual,Sn,390,5.204692390299262
R2_neutron_rich,mlp,residual,S2n,307,9.587307752499779
R2_neutron_rich,mlp,residual,Sp,330,6.0768987703285795
R2_neutron_rich,mlp,residual,S2p,219,9.546087388492868
R2_neutron_rich,mlp,residual,delta2n,143,2.741615458007978
R2_neutron_rich,mlp,residual,delta2p,58,6.187008471554609
R2_neutron_rich,mlp,adaptive,Sn,390,1.8661825838271802
R2_neutron_rich,mlp,adaptive,S2n,307,1.972067397685531
R2_neutron_rich,mlp,adaptive,Sp,330,1.971047855340427
R2_neutron_rich,mlp,adaptive,S2p,219,2.036067504161219
R2_neutron_rich,mlp,adaptive,delta2n,143,1.4040568138062557
R2_neutron_rich,mlp,adaptive,delta2p,58,1.606065645469877
R3_proton_rich,ridge,soft,Sn,383,1.0
R3_proton_rich,ridge,soft,S2n,296,1.0
R3_proton_rich,ridge,soft,Sp,342,1.0
R3_proton_rich,ridge,soft,S2p,226,1.0
R3_proton_rich,ridge,soft,delta2n,134,1.0
R3_proton_rich,ridge,soft,delta2p,54,1.0
R3_proton_rich,ridge,residual,Sn,383,1.8328988854272221
R3_proton_rich,ridge,residual,S2n,296,1.1490934985256664
R3_proton_rich,ridge,residual,Sp,342,1.9181089092076324
R3_proton_rich,ridge,residual,S2p,226,1.3228137863536102
R3_proton_rich,ridge,residual,delta2n,134,0.9270802507398135
R3_proton_rich,ridge,residual,delta2p,54,1.1723194815019153
R3_proton_rich,ridge,adaptive,Sn,383,1.6352883747771079
R3_proton_rich,ridge,adaptive,S2n,296,1.407071058167051
R3_proton_rich,ridge,adaptive,Sp,342,1.6219401291097706
R3_proton_rich,ridge,adaptive,S2p,226,1.4990794084436485
R3_proton_rich,ridge,adaptive,delta2n,134,0.9796529164387421
R3_proton_rich,ridge,adaptive,delta2p,54,1.3261487486894068
R3_proton_rich,hgb,soft,Sn,383,2.9048699315998836
R3_proton_rich,hgb,soft,S2n,296,3.0296958891378263
R3_proton_rich,hgb,soft,Sp,342,3.06716963597689
R3_proton_rich,hgb,soft,S2p,226,3.1600004175711525
R3_proton_rich,hgb,soft,delta2n,134,2.4542577057844848
R3_proton_rich,hgb,soft,delta2p,54,2.63283615101859
R3_proton_rich,hgb,residual,Sn,383,8.226078657909698
R3_proton_rich,hgb,residual,S2n,296,10.208706508673144
R3_proton_rich,hgb,residual,Sp,342,8.949139513326747
R3_proton_rich,hgb,residual,S2p,226,10.679287964114527
R3_proton_rich,hgb,residual,delta2n,134,7.515945257886668
R3_proton_rich,hgb,residual,delta2p,54,5.823555450695776
R3_proton_rich,hgb,adaptive,Sn,383,2.826378123016459
R3_proton_rich,hgb,adaptive,S2n,296,3.1741184349738174
R3_proton_rich,hgb,adaptive,Sp,342,3.0634907275463474
R3_proton_rich,hgb,adaptive,S2p,226,3.394694345918731
R3_proton_rich,hgb,adaptive,delta2n,134,2.406083630619492
R3_proton_rich,hgb,adaptive,delta2p,54,2.926897000182956
R3_proton_rich,mlp,soft,Sn,383,2.65419749281255
R3_proton_rich,mlp,soft,S2n,296,3.028197906284678
R3_proton_rich,mlp,soft,Sp,342,2.7237045164313085
R3_proton_rich,mlp,soft,S2p,226,3.1917332393369566
R3_proton_rich,mlp,soft,delta2n,134,2.659594439663881
R3_proton_rich,mlp,soft,delta2p,54,2.9950919904075266
R3_proton_rich,mlp,residual,Sn,383,4.762293937008438
R3_proton_rich,mlp,residual,S2n,296,5.726434988247247
R3_proton_rich,mlp,residual,Sp,342,5.848922251793263
R3_proton_rich,mlp,residual,S2p,226,6.660394504385343
R3_proton_rich,mlp,residual,delta2n,134,3.658042542477995
R3_proton_rich,mlp,residual,delta2p,54,6.388355141094801
R3_proton_rich,mlp,adaptive,Sn,383,2.7699883520024016
R3_proton_rich,mlp,adaptive,S2n,296,3.5831612583778014
R3_proton_rich,mlp,adaptive,Sp,342,2.893785665594961
R3_proton_rich,mlp,adaptive,S2p,226,3.8685064870051904
R3_proton_rich,mlp,adaptive,delta2n,134,2.901545448437835
R3_proton_rich,mlp,adaptive,delta2p,54,4.306095637928767
R4_magic_pm1,ridge,soft,Sn,438,1.0
R4_magic_pm1,ridge,soft,S2n,360,1.0
R4_magic_pm1,ridge,soft,Sp,403,1.0
R4_magic_pm1,ridge,soft,S2p,294,1.0
R4_magic_pm1,ridge,soft,delta2n,275,1.0
R4_magic_pm1,ridge,soft,delta2p,187,1.0
R4_magic_pm1,ridge,residual,Sn,438,1.1935061454077067
R4_magic_pm1,ridge,residual,S2n,360,1.0260912372335178
R4_magic_pm1,ridge,residual,Sp,403,1.1891796876726006
R4_magic_pm1,ridge,residual,S2p,294,1.0708181278192104
R4_magic_pm1,ridge,residual,delta2n,275,1.038850684372819
R4_magic_pm1,ridge,residual,delta2p,187,1.1018965579493178
R4_magic_pm1,ridge,adaptive,Sn,438,1.049380118963559
R4_magic_pm1,ridge,adaptive,S2n,360,0.9496881469948921
R4_magic_pm1,ridge,adaptive,Sp,403,1.1241021694303892
R4_magic_pm1,ridge,adaptive,S2p,294,0.9876170998481796
R4_magic_pm1,ridge,adaptive,delta2n,275,0.9770371239984967
R4_magic_pm1,ridge,adaptive,delta2p,187,1.0552687545658623
R4_magic_pm1,hgb,soft,Sn,438,2.257050374534526
R4_magic_pm1,hgb,soft,S2n,360,2.0210244780040862
R4_magic_pm1,hgb,soft,Sp,403,2.262450813613352
R4_magic_pm1,hgb,soft,S2p,294,2.038721249291679
R4_magic_pm1,hgb,soft,delta2n,275,2.2696219409649876
R4_magic_pm1,hgb,soft,delta2p,187,2.1445741076391873
R4_magic_pm1,hgb,residual,Sn,438,5.722594656755119
R4_magic_pm1,hgb,residual,S2n,360,4.487918626708273
R4_magic_pm1,hgb,residual,Sp,403,4.7938953321670095
R4_magic_pm1,hgb,residual,S2p,294,3.6358284416464235
R4_magic_pm1,hgb,residual,delta2n,275,4.563793483355078
R4_magic_pm1,hgb,residual,delta2p,187,3.430675073577861
R4_magic_pm1,hgb,adaptive,Sn,438,1.796597501800104
R4_magic_pm1,hgb,adaptive,S2n,360,1.7715087656633206
R4_magic_pm1,hgb,adaptive,Sp,403,1.8659861017211756
R4_magic_pm1,hgb,adaptive,S2p,294,1.7897543701221643
R4_magic_pm1,hgb,adaptive,delta2n,275,1.8211590236982662
R4_magic_pm1,hgb,adaptive,delta2p,187,1.779934060357144
R4_magic_pm1,mlp,soft,Sn,438,1.734622958394506
R4_magic_pm1,mlp,soft,S2n,360,1.2343080523183487
R4_magic_pm1,mlp,soft,Sp,403,1.8531286231852293
R4_magic_pm1,mlp,soft,S2p,294,1.424810471945467
R4_magic_pm1,mlp,soft,delta2n,275,1.4798194985426063
R4_magic_pm1,mlp,soft,delta2p,187,1.7116599946999151
R4_magic_pm1,mlp,residual,Sn,438,3.6822207361113297
R4_magic_pm1,mlp,residual,S2n,360,2.6103392220391015
R4_magic_pm1,mlp,residual,Sp,403,3.245557295817498
R4_magic_pm1,mlp,residual,S2p,294,2.656550931434787
R4_magic_pm1,mlp,residual,delta2n,275,1.90253429672879
R4_magic_pm1,mlp,residual,delta2p,187,2.000904363026188
R4_magic_pm1,mlp,adaptive,Sn,438,1.667029329293594
R4_magic_pm1,mlp,adaptive,S2n,360,1.2539425982991266
R4_magic_pm1,mlp,adaptive,Sp,403,1.743288811144173
R4_magic_pm1,mlp,adaptive,S2p,294,1.445404167769132
R4_magic_pm1,mlp,adaptive,delta2n,275,1.4706183360691465
R4_magic_pm1,mlp,adaptive,delta2p,187,1.6597945392789533
R6_N50,ridge,soft,Sp,18,1.0
R6_N50,ridge,soft,S2p,17,1.0
R6_N50,ridge,soft,delta2p,15,1.0
R6_N50,ridge,residual,Sp,18,1.2084434981905137
R6_N50,ridge,residual,S2p,17,0.818239470163519
R6_N50,ridge,residual,delta2p,15,0.8556278862453675
R6_N50,ridge,adaptive,Sp,18,0.9987865409974548
R6_N50,ridge,adaptive,S2p,17,0.5617019722879639
R6_N50,ridge,adaptive,delta2p,15,0.8438348810706111
R6_N50,hgb,soft,Sp,18,2.3232594717265664
R6_N50,hgb,soft,S2p,17,2.0614677580042784
R6_N50,hgb,soft,delta2p,15,2.243431675190015
R6_N50,hgb,residual,Sp,18,4.6610532277975265
R6_N50,hgb,residual,S2p,17,4.484684974972763
R6_N50,hgb,residual,delta2p,15,5.560617263475214
R6_N50,hgb,adaptive,Sp,18,1.877859499214715
R6_N50,hgb,adaptive,S2p,17,1.9297346535895954
R6_N50,hgb,adaptive,delta2p,15,1.8765283412392713
R6_N50,mlp,soft,Sp,18,2.155885268413328
R6_N50,mlp,soft,S2p,17,1.2882291951288845
R6_N50,mlp,soft,delta2p,15,1.9317854841873952
R6_N50,mlp,residual,Sp,18,3.771934035127393
R6_N50,mlp,residual,S2p,17,2.5313994672502047
R6_N50,mlp,residual,delta2p,15,2.2034161295623496
R6_N50,mlp,adaptive,Sp,18,1.818922102488646
R6_N50,mlp,adaptive,S2p,17,1.3690821878624202
R6_N50,mlp,adaptive,delta2p,15,1.856320653765487
R6_N82,ridge,soft,Sp,21,1.0
R6_N82,ridge,soft,S2p,20,1.0
R6_N82,ridge,soft,delta2p,18,1.0
R6_N82,ridge,residual,Sp,21,1.0380322932961827
R6_N82,ridge,residual,S2p,20,1.0446099861147948
R6_N82,ridge,residual,delta2p,18,1.011573855825408
R6_N82,ridge,adaptive,Sp,21,0.8583700173753153
R6_N82,ridge,adaptive,S2p,20,0.9134119968040857
R6_N82,ridge,adaptive,delta2p,18,0.9643249947037178
R6_N82,hgb,soft,Sp,21,1.6565718536369303
R6_N82,hgb,soft,S2p,20,1.464740106841356
R6_N82,hgb,soft,delta2p,18,1.981515981968107
R6_N82,hgb,residual,Sp,21,4.943090083849107
R6_N82,hgb,residual,S2p,20,4.546185385011125
R6_N82,hgb,residual,delta2p,18,6.388766807325676
R6_N82,hgb,adaptive,Sp,21,1.577393590152581
R6_N82,hgb,adaptive,S2p,20,1.5938968310060102
R6_N82,hgb,adaptive,delta2p,18,1.6456777099314577
R6_N82,mlp,soft,Sp,21,1.7668601960578876
R6_N82,mlp,soft,S2p,20,1.3559442560663166
R6_N82,mlp,soft,delta2p,18,1.7683982867524963
R6_N82,mlp,residual,Sp,21,3.144908962831646
R6_N82,mlp,residual,S2p,20,5.402401767525591
R6_N82,mlp,residual,delta2p,18,3.422993807579353
R6_N82,mlp,adaptive,Sp,21,1.64804144050721
R6_N82,mlp,adaptive,S2p,20,1.3644060196742462
R6_N82,mlp,adaptive,delta2p,18,1.6063745767705382
R6_N126,ridge,soft,Sp,13,1.0
R6_N126,ridge,soft,S2p,12,1.0
R6_N126,ridge,soft,delta2p,10,1.0
R6_N126,ridge,residual,Sp,13,1.002686690942143
R6_N126,ridge,residual,S2p,12,1.0285313797049924
R6_N126,ridge,residual,delta2p,10,0.9794378282183523
R6_N126,ridge,adaptive,Sp,13,1.048482146166975
R6_N126,ridge,adaptive,S2p,12,1.057681652594518
R6_N126,ridge,adaptive,delta2p,10,0.9826246516613769
R6_N126,hgb,soft,Sp,13,1.5455247860147274
R6_N126,hgb,soft,S2p,12,1.153687578328296
R6_N126,hgb,soft,delta2p,10,1.9867217568899391
R6_N126,hgb,residual,Sp,13,3.4617334348682145
R6_N126,hgb,residual,S2p,12,2.0870950221894184
R6_N126,hgb,residual,delta2p,10,2.380377964659572
R6_N126,hgb,adaptive,Sp,13,1.3906414742932411
R6_N126,hgb,adaptive,S2p,12,1.273411083376951
R6_N126,hgb,adaptive,delta2p,10,1.4538843882238457
R6_N126,mlp,soft,Sp,13,1.828791358923144
R6_N126,mlp,soft,S2p,12,1.1013526039694794
R6_N126,mlp,soft,delta2p,10,1.5014788608650425
R6_N126,mlp,residual,Sp,13,6.51599603813703
R6_N126,mlp,residual,S2p,12,4.837805854014028
R6_N126,mlp,residual,delta2p,10,2.7341263942706346
R6_N126,mlp,adaptive,Sp,13,1.5885351020967755
R6_N126,mlp,adaptive,S2p,12,1.076109909767367
R6_N126,mlp,adaptive,delta2p,10,1.4067431552378353
R7_light_random,ridge,soft,Sn,88,1.0
R7_light_random,ridge,soft,S2n,109,1.0
R7_light_random,ridge,soft,Sp,102,1.0
R7_light_random,ridge,soft,S2p,96,1.0
R7_light_random,ridge,soft,Qalpha,101,1.0
R7_light_random,ridge,soft,delta2n,23,1.0
R7_light_random,ridge,soft,delta2p,15,1.0
R7_light_random,ridge,residual,Sn,88,1.1310833578913564
R7_light_random,ridge,residual,S2n,109,1.0736131327686074
R7_light_random,ridge,residual,Sp,102,1.2478712058355015
R7_light_random,ridge,residual,S2p,96,1.0907614025795125
R7_light_random,ridge,residual,Qalpha,101,3.1782953397450746
R7_light_random,ridge,residual,delta2n,23,1.0647476908710538
R7_light_random,ridge,residual,delta2p,15,1.112991718580288
R7_light_random,ridge,adaptive,Sn,88,1.056310841934181
R7_light_random,ridge,adaptive,S2n,109,0.9706438559139086
R7_light_random,ridge,adaptive,Sp,102,1.2325461345068738
R7_light_random,ridge,adaptive,S2p,96,1.0460661412006376
R7_light_random,ridge,adaptive,Qalpha,101,1.4057317549707904
R7_light_random,ridge,adaptive,delta2n,23,0.9947812753203542
R7_light_random,ridge,adaptive,delta2p,15,0.9922287976740426
R7_light_random,hgb,soft,Sn,88,2.4059211829025013
R7_light_random,hgb,soft,S2n,109,2.40163854225807
R7_light_random,hgb,soft,Sp,102,2.4020180574053605
R7_light_random,hgb,soft,S2p,96,2.2627413690597327
R7_light_random,hgb,soft,Qalpha,101,3.4697703235514314
R7_light_random,hgb,soft,delta2n,23,2.4475268869244475
R7_light_random,hgb,soft,delta2p,15,2.254130353704368
R7_light_random,hgb,residual,Sn,88,6.420316721728997
R7_light_random,hgb,residual,S2n,109,6.945457052225245
R7_light_random,hgb,residual,Sp,102,7.424190209875037
R7_light_random,hgb,residual,S2p,96,5.801477879821607
R7_light_random,hgb,residual,Qalpha,101,9.644141463816812
R7_light_random,hgb,residual,delta2n,23,7.083187881055522
R7_light_random,hgb,residual,delta2p,15,5.108897371684424
R7_light_random,hgb,adaptive,Sn,88,2.1937423459067125
R7_light_random,hgb,adaptive,S2n,109,2.134101585458934
R7_light_random,hgb,adaptive,Sp,102,2.075188317416564
R7_light_random,hgb,adaptive,S2p,96,2.2032587136182373
R7_light_random,hgb,adaptive,Qalpha,101,3.8604723774203142
R7_light_random,hgb,adaptive,delta2n,23,2.2352122941246657
R7_light_random,hgb,adaptive,delta2p,15,1.9818282793578859
R7_light_random,mlp,soft,Sn,88,1.9766002245555772
R7_light_random,mlp,soft,S2n,109,1.4143719298288657
R7_light_random,mlp,soft,Sp,102,2.0133243638883638
R7_light_random,mlp,soft,S2p,96,1.869113171992933
R7_light_random,mlp,soft,Qalpha,101,4.710522645507919
R7_light_random,mlp,soft,delta2n,23,1.5582440469947025
R7_light_random,mlp,soft,delta2p,15,1.6959238080045367
R7_light_random,mlp,residual,Sn,88,3.940070487887247
R7_light_random,mlp,residual,S2n,109,3.574348263883456
R7_light_random,mlp,residual,Sp,102,4.407873280353452
R7_light_random,mlp,residual,S2p,96,4.354976982975599
R7_light_random,mlp,residual,Qalpha,101,1.2460394071288228
R7_light_random,mlp,residual,delta2n,23,2.2029559347986343
R7_light_random,mlp,residual,delta2p,15,1.926224487155134
R7_light_random,mlp,adaptive,Sn,88,1.8612508709819857
R7_light_random,mlp,adaptive,S2n,109,1.4197032124945985
R7_light_random,mlp,adaptive,Sp,102,1.8266335259023603
R7_light_random,mlp,adaptive,S2p,96,1.722533568412545
R7_light_random,mlp,adaptive,Qalpha,101,4.620647466653347
R7_light_random,mlp,adaptive,delta2n,23,1.454487728109716
R7_light_random,mlp,adaptive,delta2p,15,1.5905534699381683
R4_magic_pm2,ridge,soft,Sn,729,1.0
R4_magic_pm2,ridge,soft,S2n,654,1.0
R4_magic_pm2,ridge,soft,Sp,685,1.0
R4_magic_pm2,ridge,soft,S2p,572,1.0
R4_magic_pm2,ridge,soft,delta2n,508,1.0
R4_magic_pm2,ridge,soft,delta2p,368,1.0
R4_magic_pm2,ridge,residual,Sn,729,1.1244129149612911
R4_magic_pm2,ridge,residual,S2n,654,1.059821982765733
R4_magic_pm2,ridge,residual,Sp,685,1.1477155223597426
R4_magic_pm2,ridge,residual,S2p,572,1.0858960193243183
R4_magic_pm2,ridge,residual,delta2n,508,1.0559937086587048
R4_magic_pm2,ridge,residual,delta2p,368,1.1405195618476718
R4_magic_pm2,ridge,adaptive,Sn,729,1.0579411283140883
R4_magic_pm2,ridge,adaptive,S2n,654,0.9952179138280682
R4_magic_pm2,ridge,adaptive,Sp,685,1.101948602136573
R4_magic_pm2,ridge,adaptive,S2p,572,0.998125615438342
R4_magic_pm2,ridge,adaptive,delta2n,508,1.0080933887125814
R4_magic_pm2,ridge,adaptive,delta2p,368,1.0628720637941187
R4_magic_pm2,hgb,soft,Sn,729,2.3482684927158335
R4_magic_pm2,hgb,soft,S2n,654,2.3254859373966488
R4_magic_pm2,hgb,soft,Sp,685,2.410556793294058
R4_magic_pm2,hgb,soft,S2p,572,2.3723299306178443
R4_magic_pm2,hgb,soft,delta2n,508,2.3626881879054284
R4_magic_pm2,hgb,soft,delta2p,368,2.319140933623589
R4_magic_pm2,hgb,residual,Sn,729,9.040458087525055
R4_magic_pm2,hgb,residual,S2n,654,9.245964219132073
R4_magic_pm2,hgb,residual,Sp,685,6.755308490776546
R4_magic_pm2,hgb,residual,S2p,572,6.880966047879336
R4_magic_pm2,hgb,residual,delta2n,508,10.744097380227814
R4_magic_pm2,hgb,residual,delta2p,368,7.03381161467577
R4_magic_pm2,hgb,adaptive,Sn,729,2.176710583531496
R4_magic_pm2,hgb,adaptive,S2n,654,2.146036553945549
R4_magic_pm2,hgb,adaptive,Sp,685,2.189726023456127
R4_magic_pm2,hgb,adaptive,S2p,572,2.204015888553008
R4_magic_pm2,hgb,adaptive,delta2n,508,2.1845703976712345
R4_magic_pm2,hgb,adaptive,delta2p,368,2.2688477232098743
R4_magic_pm2,mlp,soft,Sn,729,1.8846478844172974
R4_magic_pm2,mlp,soft,S2n,654,1.4036849009311914
R4_magic_pm2,mlp,soft,Sp,685,2.052058898538354
R4_magic_pm2,mlp,soft,S2p,572,1.5912831610891376
R4_magic_pm2,mlp,soft,delta2n,508,1.6209186526333035
R4_magic_pm2,mlp,soft,delta2p,368,1.8197764599953008
R4_magic_pm2,mlp,residual,Sn,729,3.1833231253945065
R4_magic_pm2,mlp,residual,S2n,654,2.4406953605025627
R4_magic_pm2,mlp,residual,Sp,685,3.686717111599189
R4_magic_pm2,mlp,residual,S2p,572,2.734803990769718
R4_magic_pm2,mlp,residual,delta2n,508,1.9871638753762313
R4_magic_pm2,mlp,residual,delta2p,368,2.255000923845168
R4_magic_pm2,mlp,adaptive,Sn,729,1.8419591198319407
R4_magic_pm2,mlp,adaptive,S2n,654,1.408907441668311
R4_magic_pm2,mlp,adaptive,Sp,685,2.02845027513576
R4_magic_pm2,mlp,adaptive,S2p,572,1.5941284841635368
R4_magic_pm2,mlp,adaptive,delta2n,508,1.6172661552286056
R4_magic_pm2,mlp,adaptive,delta2p,368,1.7983306107278592
R0_random_broad,ridge,soft,Sn,97,1.0
R0_random_broad,ridge,soft,S2n,84,1.0
R0_random_broad,ridge,soft,Sp,103,1.0
R0_random_broad,ridge,soft,S2p,88,1.0
R0_random_broad,ridge,soft,delta2n,13,1.0
R0_random_broad,ridge,soft,delta2p,15,1.0
R0_random_broad,ridge,residual,Sn,97,1.1702624680899851
R0_random_broad,ridge,residual,S2n,84,1.040451632710313
R0_random_broad,ridge,residual,Sp,103,1.408154210205612
R0_random_broad,ridge,residual,S2p,88,1.1359112234241435
R0_random_broad,ridge,residual,delta2n,13,1.0885125154768296
R0_random_broad,ridge,residual,delta2p,15,0.975345330059559
R0_random_broad,ridge,adaptive,Sn,97,1.1376813472224092
R0_random_broad,ridge,adaptive,S2n,84,1.1108038819844903
R0_random_broad,ridge,adaptive,Sp,103,1.2372666634046312
R0_random_broad,ridge,adaptive,S2p,88,1.1470907640151717
R0_random_broad,ridge,adaptive,delta2n,13,0.9893227092511458
R0_random_broad,ridge,adaptive,delta2p,15,0.9822909703071451
R0_random_broad,hgb,soft,Sn,97,2.401377473162967
R0_random_broad,hgb,soft,S2n,84,2.2309307128252005
R0_random_broad,hgb,soft,Sp,103,2.37200622530687
R0_random_broad,hgb,soft,S2p,88,2.434198548013461
R0_random_broad,hgb,soft,delta2n,13,2.1544934795617543
R0_random_broad,hgb,soft,delta2p,15,2.6843057429839012
R0_random_broad,hgb,residual,Sn,97,10.489477190163145
R0_random_broad,hgb,residual,S2n,84,5.955392477007106
R0_random_broad,hgb,residual,Sp,103,9.765103748145364
R0_random_broad,hgb,residual,S2p,88,5.875208089787415
R0_random_broad,hgb,residual,delta2n,13,7.271466153554838
R0_random_broad,hgb,residual,delta2p,15,8.675655519686357
R0_random_broad,hgb,adaptive,Sn,97,2.121131250302245
R0_random_broad,hgb,adaptive,S2n,84,2.0114614431260356
R0_random_broad,hgb,adaptive,Sp,103,2.149543196698662
R0_random_broad,hgb,adaptive,S2p,88,2.0416823348299946
R0_random_broad,hgb,adaptive,delta2n,13,2.0024066643865113
R0_random_broad,hgb,adaptive,delta2p,15,2.3488296739864754
R0_random_broad,mlp,soft,Sn,97,1.8794231644626942
R0_random_broad,mlp,soft,S2n,84,1.6400715450465269
R0_random_broad,mlp,soft,Sp,103,2.2849433673124535
R0_random_broad,mlp,soft,S2p,88,1.9431538538894368
R0_random_broad,mlp,soft,delta2n,13,1.4270635558524138
R0_random_broad,mlp,soft,delta2p,15,2.1223060551494433
R0_random_broad,mlp,residual,Sn,97,4.835346851261433
R0_random_broad,mlp,residual,S2n,84,5.268415947085346
R0_random_broad,mlp,residual,Sp,103,6.601916722025976
R0_random_broad,mlp,residual,S2p,88,5.124891263459559
R0_random_broad,mlp,residual,delta2n,13,1.6603380860327877
R0_random_broad,mlp,residual,delta2p,15,5.562859139101316
R0_random_broad,mlp,adaptive,Sn,97,1.700444448574309
R0_random_broad,mlp,adaptive,S2n,84,1.589878570294178
R0_random_broad,mlp,adaptive,Sp,103,2.0118178678639436
R0_random_broad,mlp,adaptive,S2p,88,1.9542636811277605
R0_random_broad,mlp,adaptive,delta2n,13,1.461996111610865
R0_random_broad,mlp,adaptive,delta2p,15,1.7681514519605537
R1_Ca_broad,ridge,soft,Sn,20,1.0
R1_Ca_broad,ridge,soft,S2n,19,1.0
R1_Ca_broad,ridge,soft,delta2n,17,1.0
R1_Ca_broad,ridge,residual,Sn,20,1.0169162872540505
R1_Ca_broad,ridge,residual,S2n,19,0.9756835679790018
R1_Ca_broad,ridge,residual,delta2n,17,0.9879945701728997
R1_Ca_broad,ridge,adaptive,Sn,20,1.0047813732163189
R1_Ca_broad,ridge,adaptive,S2n,19,0.9860342205048666
R1_Ca_broad,ridge,adaptive,delta2n,17,0.9957267440596506
R1_Ca_broad,hgb,soft,Sn,20,2.2451361648305017
R1_Ca_broad,hgb,soft,S2n,19,1.6544841199974796
R1_Ca_broad,hgb,soft,delta2n,17,1.7626133127903965
R1_Ca_broad,hgb,residual,Sn,20,5.856764475852791
R1_Ca_broad,hgb,residual,S2n,19,4.587413334047375
R1_Ca_broad,hgb,residual,delta2n,17,3.858135218593964
R1_Ca_broad,hgb,adaptive,Sn,20,1.7385216188565507
R1_Ca_broad,hgb,adaptive,S2n,19,1.4793975852535615
R1_Ca_broad,hgb,adaptive,delta2n,17,1.475177568777079
R1_Ca_broad,mlp,soft,Sn,20,1.4437902085412424
R1_Ca_broad,mlp,soft,S2n,19,1.4071056789164937
R1_Ca_broad,mlp,soft,delta2n,17,1.3721222769709291
R1_Ca_broad,mlp,residual,Sn,20,2.0577576217933724
R1_Ca_broad,mlp,residual,S2n,19,1.872592101190273
R1_Ca_broad,mlp,residual,delta2n,17,1.7810714192131563
R1_Ca_broad,mlp,adaptive,Sn,20,1.3361444041623227
R1_Ca_broad,mlp,adaptive,S2n,19,1.2862589339802835
R1_Ca_broad,mlp,adaptive,delta2n,17,1.3057949515320089
R1_Sn_broad,ridge,soft,Sn,33,1.0
R1_Sn_broad,ridge,soft,S2n,32,1.0
R1_Sn_broad,ridge,soft,delta2n,30,1.0
R1_Sn_broad,ridge,residual,Sn,33,1.0200978629106927
R1_Sn_broad,ridge,residual,S2n,32,0.9942717296337789
R1_Sn_broad,ridge,residual,delta2n,30,0.9839429720698782
R1_Sn_broad,ridge,adaptive,Sn,33,0.9075026211011255
R1_Sn_broad,ridge,adaptive,S2n,32,0.879517962683878
R1_Sn_broad,ridge,adaptive,delta2n,30,0.9578476550757046
R1_Sn_broad,hgb,soft,Sn,33,2.1488223156078474
R1_Sn_broad,hgb,soft,S2n,32,1.7466517958667944
R1_Sn_broad,hgb,soft,delta2n,30,2.256231327227224
R1_Sn_broad,hgb,residual,Sn,33,6.534733025866986
R1_Sn_broad,hgb,residual,S2n,32,5.926372104314102
R1_Sn_broad,hgb,residual,delta2n,30,7.198971273927562
R1_Sn_broad,hgb,adaptive,Sn,33,1.8809386119377502
R1_Sn_broad,hgb,adaptive,S2n,32,1.7068108973234712
R1_Sn_broad,hgb,adaptive,delta2n,30,1.8108736932933567
R1_Sn_broad,mlp,soft,Sn,33,1.7359424266316907
R1_Sn_broad,mlp,soft,S2n,32,0.9811390366615672
R1_Sn_broad,mlp,soft,delta2n,30,1.4993795869825233
R1_Sn_broad,mlp,residual,Sn,33,6.614190476449698
R1_Sn_broad,mlp,residual,S2n,32,3.7457066775324934
R1_Sn_broad,mlp,residual,delta2n,30,3.030922409799879
R1_Sn_broad,mlp,adaptive,Sn,33,1.610683205410525
R1_Sn_broad,mlp,adaptive,S2n,32,1.0304628072148645
R1_Sn_broad,mlp,adaptive,delta2n,30,1.4715180348175092
R1_Ni_broad,ridge,soft,Sn,21,1.0
R1_Ni_broad,ridge,soft,S2n,20,1.0
R1_Ni_broad,ridge,soft,delta2n,18,1.0
R1_Ni_broad,ridge,residual,Sn,21,1.2876525991720251
R1_Ni_broad,ridge,residual,S2n,20,1.1466000418762754
R1_Ni_broad,ridge,residual,delta2n,18,1.0340150230539744
R1_Ni_broad,ridge,adaptive,Sn,21,1.1460494640248722
R1_Ni_broad,ridge,adaptive,S2n,20,1.0062290137729382
R1_Ni_broad,ridge,adaptive,delta2n,18,0.9764499934890111
R1_Ni_broad,hgb,soft,Sn,21,2.1751324304454585
R1_Ni_broad,hgb,soft,S2n,20,1.8712435469115374
R1_Ni_broad,hgb,soft,delta2n,18,2.2044354351470075
R1_Ni_broad,hgb,residual,Sn,21,8.350467075865375
R1_Ni_broad,hgb,residual,S2n,20,6.7518200347170225
R1_Ni_broad,hgb,residual,delta2n,18,6.883123004730334
R1_Ni_broad,hgb,adaptive,Sn,21,1.7020344546383812
R1_Ni_broad,hgb,adaptive,S2n,20,1.5775097781313816
R1_Ni_broad,hgb,adaptive,delta2n,18,1.764565713393291
R1_Ni_broad,mlp,soft,Sn,21,1.6640100145472196
R1_Ni_broad,mlp,soft,S2n,20,1.3775055346202003
R1_Ni_broad,mlp,soft,delta2n,18,1.4296477262384868
R1_Ni_broad,mlp,residual,Sn,21,3.634395186890063
R1_Ni_broad,mlp,residual,S2n,20,2.9048790035406205
R1_Ni_broad,mlp,residual,delta2n,18,2.111987954369522
R1_Ni_broad,mlp,adaptive,Sn,21,1.5211171573535964
R1_Ni_broad,mlp,adaptive,S2n,20,1.3441846124186423
R1_Ni_broad,mlp,adaptive,delta2n,18,1.3903048763059733
R1_Pb_broad,ridge,soft,Sn,37,1.0
R1_Pb_broad,ridge,soft,S2n,36,1.0
R1_Pb_broad,ridge,soft,delta2n,34,1.0
R1_Pb_broad,ridge,residual,Sn,37,1.0925493505865849
R1_Pb_broad,ridge,residual,S2n,36,1.019332812999501
R1_Pb_broad,ridge,residual,delta2n,34,1.0086214385758652
R1_Pb_broad,ridge,adaptive,Sn,37,1.085475052088087
R1_Pb_broad,ridge,adaptive,S2n,36,0.9422167406801388
R1_Pb_broad,ridge,adaptive,delta2n,34,0.9822075242966712
R1_Pb_broad,hgb,soft,Sn,37,2.2366006587106897
R1_Pb_broad,hgb,soft,S2n,36,1.925671323559823
R1_Pb_broad,hgb,soft,delta2n,34,2.3809610330480684
R1_Pb_broad,hgb,residual,Sn,37,4.225681468669512
R1_Pb_broad,hgb,residual,S2n,36,6.231303062062844
R1_Pb_broad,hgb,residual,delta2n,34,7.4564922466157055
R1_Pb_broad,hgb,adaptive,Sn,37,1.7993410690973324
R1_Pb_broad,hgb,adaptive,S2n,36,1.7538539600196283
R1_Pb_broad,hgb,adaptive,delta2n,34,1.7308397555155566
R1_Pb_broad,mlp,soft,Sn,37,1.4821063641148091
R1_Pb_broad,mlp,soft,S2n,36,1.402646415122606
R1_Pb_broad,mlp,soft,delta2n,34,1.530106318805424
R1_Pb_broad,mlp,residual,Sn,37,6.027402938498213
R1_Pb_broad,mlp,residual,S2n,36,5.9258422449012755
R1_Pb_broad,mlp,residual,delta2n,34,2.345713146113028
R1_Pb_broad,mlp,adaptive,Sn,37,1.4309971742582852
R1_Pb_broad,mlp,adaptive,S2n,36,1.3701677207186558
R1_Pb_broad,mlp,adaptive,delta2n,34,1.4731331773705798
R2_neutron_rich_broad,ridge,soft,Sn,421,1.0
R2_neutron_rich_broad,ridge,soft,S2n,334,1.0
R2_neutron_rich_broad,ridge,soft,Sp,366,1.0
R2_neutron_rich_broad,ridge,soft,S2p,246,1.0
R2_neutron_rich_broad,ridge,soft,delta2n,161,1.0
R2_neutron_rich_broad,ridge,soft,delta2p,67,1.0
R2_neutron_rich_broad,ridge,residual,Sn,421,1.5132805450722517
R2_neutron_rich_broad,ridge,residual,S2n,334,1.0668301259316013
R2_neutron_rich_broad,ridge,residual,Sp,366,1.2228410923474422
R2_neutron_rich_broad,ridge,residual,S2p,246,1.0464633715429283
R2_neutron_rich_broad,ridge,residual,delta2n,161,0.9735589471247319
R2_neutron_rich_broad,ridge,residual,delta2p,67,0.9457600136907588
R2_neutron_rich_broad,ridge,adaptive,Sn,421,1.1788064483923897
R2_neutron_rich_broad,ridge,adaptive,S2n,334,1.1442359489384362
R2_neutron_rich_broad,ridge,adaptive,Sp,366,1.2502016855914957
R2_neutron_rich_broad,ridge,adaptive,S2p,246,1.3054674301987335
R2_neutron_rich_broad,ridge,adaptive,delta2n,161,1.0640706050256317
R2_neutron_rich_broad,ridge,adaptive,delta2p,67,1.0988681059486456
R2_neutron_rich_broad,hgb,soft,Sn,421,2.6737281226723177
R2_neutron_rich_broad,hgb,soft,S2n,334,2.766617125322717
R2_neutron_rich_broad,hgb,soft,Sp,366,2.9768644765248893
R2_neutron_rich_broad,hgb,soft,S2p,246,3.013921210097508
R2_neutron_rich_broad,hgb,soft,delta2n,161,2.3327208357919043
R2_neutron_rich_broad,hgb,soft,delta2p,67,2.2455247515260903
R2_neutron_rich_broad,hgb,residual,Sn,421,6.106124195975449
R2_neutron_rich_broad,hgb,residual,S2n,334,6.7626624289374755
R2_neutron_rich_broad,hgb,residual,Sp,366,5.80983425063372
R2_neutron_rich_broad,hgb,residual,S2p,246,6.687552063138403
R2_neutron_rich_broad,hgb,residual,delta2n,161,4.400476644404447
R2_neutron_rich_broad,hgb,residual,delta2p,67,3.2175778006203966
R2_neutron_rich_broad,hgb,adaptive,Sn,421,1.829525859378766
R2_neutron_rich_broad,hgb,adaptive,S2n,334,1.8324286119453226
R2_neutron_rich_broad,hgb,adaptive,Sp,366,1.833276528509422
R2_neutron_rich_broad,hgb,adaptive,S2p,246,1.8604573498903723
R2_neutron_rich_broad,hgb,adaptive,delta2n,161,1.8591446104699005
R2_neutron_rich_broad,hgb,adaptive,delta2p,67,1.7489370320196225
R2_neutron_rich_broad,mlp,soft,Sn,421,2.370978376749474
R2_neutron_rich_broad,mlp,soft,S2n,334,2.7956472286271756
R2_neutron_rich_broad,mlp,soft,Sp,366,2.785997651246422
R2_neutron_rich_broad,mlp,soft,S2p,246,3.068085341777621
R2_neutron_rich_broad,mlp,soft,delta2n,161,1.771355255388943
R2_neutron_rich_broad,mlp,soft,delta2p,67,2.181684710025849
R2_neutron_rich_broad,mlp,residual,Sn,421,4.053684924041067
R2_neutron_rich_broad,mlp,residual,S2n,334,7.896779464863484
R2_neutron_rich_broad,mlp,residual,Sp,366,5.306935166745336
R2_neutron_rich_broad,mlp,residual,S2p,246,7.918719507316236
R2_neutron_rich_broad,mlp,residual,delta2n,161,2.315336400333837
R2_neutron_rich_broad,mlp,residual,delta2p,67,4.113395454149147
R2_neutron_rich_broad,mlp,adaptive,Sn,421,1.6547301440972195
R2_neutron_rich_broad,mlp,adaptive,S2n,334,2.145020121242379
R2_neutron_rich_broad,mlp,adaptive,Sp,366,2.214407685646195
R2_neutron_rich_broad,mlp,adaptive,S2p,246,2.300001868067559
R2_neutron_rich_broad,mlp,adaptive,delta2n,161,1.4694871506525118
R2_neutron_rich_broad,mlp,adaptive,delta2p,67,1.6999192886784462
R3_proton_rich_broad,ridge,soft,Sn,398,1.0
R3_proton_rich_broad,ridge,soft,S2n,319,1.0
R3_proton_rich_broad,ridge,soft,Sp,364,1.0
R3_proton_rich_broad,ridge,soft,S2p,255,1.0
R3_proton_rich_broad,ridge,soft,delta2n,147,1.0
R3_proton_rich_broad,ridge,soft,delta2p,77,1.0
R3_proton_rich_broad,ridge,residual,Sn,398,1.2787328344434614
R3_proton_rich_broad,ridge,residual,S2n,319,0.918447882790877
R3_proton_rich_broad,ridge,residual,Sp,364,1.4062892378774035
R3_proton_rich_broad,ridge,residual,S2p,255,0.9931457415720432
R3_proton_rich_broad,ridge,residual,delta2n,147,0.9646980041809332
R3_proton_rich_broad,ridge,residual,delta2p,77,0.9006673350333981
R3_proton_rich_broad,ridge,adaptive,Sn,398,1.5739423521516227
R3_proton_rich_broad,ridge,adaptive,S2n,319,1.4214287526397933
R3_proton_rich_broad,ridge,adaptive,Sp,364,1.6153342127542725
R3_proton_rich_broad,ridge,adaptive,S2p,255,1.519769618466487
R3_proton_rich_broad,ridge,adaptive,delta2n,147,0.97894244519142
R3_proton_rich_broad,ridge,adaptive,delta2p,77,1.142477324554866
R3_proton_rich_broad,hgb,soft,Sn,398,2.829220464985115
R3_proton_rich_broad,hgb,soft,S2n,319,2.91632423203508
R3_proton_rich_broad,hgb,soft,Sp,364,2.9889493523381194
R3_proton_rich_broad,hgb,soft,S2p,255,3.0822323500689057
R3_proton_rich_broad,hgb,soft,delta2n,147,2.383758179034887
R3_proton_rich_broad,hgb,soft,delta2p,77,2.6499005684848846
R3_proton_rich_broad,hgb,residual,Sn,398,9.017955112671116
R3_proton_rich_broad,hgb,residual,S2n,319,9.90955997677222
R3_proton_rich_broad,hgb,residual,Sp,364,8.789689565207226
R3_proton_rich_broad,hgb,residual,S2p,255,10.046110627644474
R3_proton_rich_broad,hgb,residual,delta2n,147,5.359648400377033
R3_proton_rich_broad,hgb,residual,delta2p,77,5.06612809383567
R3_proton_rich_broad,hgb,adaptive,Sn,398,2.232505462310115
R3_proton_rich_broad,hgb,adaptive,S2n,319,2.331388201952578
R3_proton_rich_broad,hgb,adaptive,Sp,364,2.359796689957876
R3_proton_rich_broad,hgb,adaptive,S2p,255,2.446020768754317
R3_proton_rich_broad,hgb,adaptive,delta2n,147,2.0647571711811348
R3_proton_rich_broad,hgb,adaptive,delta2p,77,2.0575572668533852
R3_proton_rich_broad,mlp,soft,Sn,398,2.614977358793508
R3_proton_rich_broad,mlp,soft,S2n,319,2.990479312027786
R3_proton_rich_broad,mlp,soft,Sp,364,2.8377351989238258
R3_proton_rich_broad,mlp,soft,S2p,255,3.118996745838568
R3_proton_rich_broad,mlp,soft,delta2n,147,2.6228309776365752
R3_proton_rich_broad,mlp,soft,delta2p,77,2.6778702367830363
R3_proton_rich_broad,mlp,residual,Sn,398,4.7820571528987745
R3_proton_rich_broad,mlp,residual,S2n,319,4.396079746753847
R3_proton_rich_broad,mlp,residual,Sp,364,5.147996030680753
R3_proton_rich_broad,mlp,residual,S2p,255,5.1212582342305994
R3_proton_rich_broad,mlp,residual,delta2n,147,3.0960306038591736
R3_proton_rich_broad,mlp,residual,delta2p,77,3.46864465725041
R3_proton_rich_broad,mlp,adaptive,Sn,398,2.6393836437349085
R3_proton_rich_broad,mlp,adaptive,S2n,319,3.3719755346730818
R3_proton_rich_broad,mlp,adaptive,Sp,364,3.1139759547133803
R3_proton_rich_broad,mlp,adaptive,S2p,255,3.5878023920818793
R3_proton_rich_broad,mlp,adaptive,delta2n,147,2.604581772844111
R3_proton_rich_broad,mlp,adaptive,delta2p,77,3.090974405665134
R4_magic_pm1_broad,ridge,soft,Sn,458,1.0
R4_magic_pm1_broad,ridge,soft,S2n,375,1.0
R4_magic_pm1_broad,ridge,soft,Sp,421,1.0
R4_magic_pm1_broad,ridge,soft,S2p,310,1.0
R4_magic_pm1_broad,ridge,soft,delta2n,288,1.0
R4_magic_pm1_broad,ridge,soft,delta2p,200,1.0
R4_magic_pm1_broad,ridge,residual,Sn,458,1.1752061694449971
R4_magic_pm1_broad,ridge,residual,S2n,375,1.0199654889311796
R4_magic_pm1_broad,ridge,residual,Sp,421,1.1424166720135678
R4_magic_pm1_broad,ridge,residual,S2p,310,1.019598152850649
R4_magic_pm1_broad,ridge,residual,delta2n,288,1.0195552926285951
R4_magic_pm1_broad,ridge,residual,delta2p,200,0.9938113377026863
R4_magic_pm1_broad,ridge,adaptive,Sn,458,1.041628934754086
R4_magic_pm1_broad,ridge,adaptive,S2n,375,0.9523310822653277
R4_magic_pm1_broad,ridge,adaptive,Sp,421,1.0698186329260164
R4_magic_pm1_broad,ridge,adaptive,S2p,310,0.9249785941119041
R4_magic_pm1_broad,ridge,adaptive,delta2n,288,0.9803841648132086
R4_magic_pm1_broad,ridge,adaptive,delta2p,200,0.9908673421212126
R4_magic_pm1_broad,hgb,soft,Sn,458,2.2372889585649856
R4_magic_pm1_broad,hgb,soft,S2n,375,1.984834390047633
R4_magic_pm1_broad,hgb,soft,Sp,421,2.3393328921271794
R4_magic_pm1_broad,hgb,soft,S2p,310,2.2247303547082393
R4_magic_pm1_broad,hgb,soft,delta2n,288,2.217768862865388
R4_magic_pm1_broad,hgb,soft,delta2p,200,2.2511822299054356
R4_magic_pm1_broad,hgb,residual,Sn,458,5.689066841005349
R4_magic_pm1_broad,hgb,residual,S2n,375,4.8526233978833115
R4_magic_pm1_broad,hgb,residual,Sp,421,5.284495654462287
R4_magic_pm1_broad,hgb,residual,S2p,310,4.36392109238122
R4_magic_pm1_broad,hgb,residual,delta2n,288,5.186043598480921
R4_magic_pm1_broad,hgb,residual,delta2p,200,4.333217602254343
R4_magic_pm1_broad,hgb,adaptive,Sn,458,1.9346913503081111
R4_magic_pm1_broad,hgb,adaptive,S2n,375,1.817179105425585
R4_magic_pm1_broad,hgb,adaptive,Sp,421,1.984177806003907
R4_magic_pm1_broad,hgb,adaptive,S2p,310,1.9879350395554911
R4_magic_pm1_broad,hgb,adaptive,delta2n,288,1.9405146196372165
R4_magic_pm1_broad,hgb,adaptive,delta2p,200,1.924593553846101
R4_magic_pm1_broad,mlp,soft,Sn,458,1.642731710445406
R4_magic_pm1_broad,mlp,soft,S2n,375,1.3835926283500546
R4_magic_pm1_broad,mlp,soft,Sp,421,1.8042271045697542
R4_magic_pm1_broad,mlp,soft,S2p,310,1.5329705105167268
R4_magic_pm1_broad,mlp,soft,delta2n,288,1.663988235984163
R4_magic_pm1_broad,mlp,soft,delta2p,200,1.9747122269423958
R4_magic_pm1_broad,mlp,residual,Sn,458,3.3622474662915316
R4_magic_pm1_broad,mlp,residual,S2n,375,2.8120989971126282
R4_magic_pm1_broad,mlp,residual,Sp,421,2.9128595241122923
R4_magic_pm1_broad,mlp,residual,S2p,310,3.084829439436275
R4_magic_pm1_broad,mlp,residual,delta2n,288,2.1856538927659734
R4_magic_pm1_broad,mlp,residual,delta2p,200,2.51738799052584
R4_magic_pm1_broad,mlp,adaptive,Sn,458,1.6012868257585247
R4_magic_pm1_broad,mlp,adaptive,S2n,375,1.3852003144043163
R4_magic_pm1_broad,mlp,adaptive,Sp,421,1.7537762630714206
R4_magic_pm1_broad,mlp,adaptive,S2p,310,1.5530980117875641
R4_magic_pm1_broad,mlp,adaptive,delta2n,288,1.6374830635239255
R4_magic_pm1_broad,mlp,adaptive,delta2p,200,1.8389766455211234
R6_N50_broad,ridge,soft,Sp,19,1.0
R6_N50_broad,ridge,soft,S2p,19,1.0
R6_N50_broad,ridge,soft,delta2p,17,1.0
R6_N50_broad,ridge,residual,Sp,19,1.4068799969587273
R6_N50_broad,ridge,residual,S2p,19,0.9134408930254837
R6_N50_broad,ridge,residual,delta2p,17,0.9620563735479957
R6_N50_broad,ridge,adaptive,Sp,19,1.0332629194610632
R6_N50_broad,ridge,adaptive,S2p,19,0.6762285598669434
R6_N50_broad,ridge,adaptive,delta2p,17,0.9901986897404175
R6_N50_broad,hgb,soft,Sp,19,2.2252423333838323
R6_N50_broad,hgb,soft,S2p,19,2.0342647638553615
R6_N50_broad,hgb,soft,delta2p,17,2.41757299767909
R6_N50_broad,hgb,residual,Sp,19,4.5279071713550625
R6_N50_broad,hgb,residual,S2p,19,3.440682830537365
R6_N50_broad,hgb,residual,delta2p,17,3.985904650409742
R6_N50_broad,hgb,adaptive,Sp,19,1.7521380096131116
R6_N50_broad,hgb,adaptive,S2p,19,2.046828651761685
R6_N50_broad,hgb,adaptive,delta2p,17,1.8125733703788645
R6_N50_broad,mlp,soft,Sp,19,2.116346448426716
R6_N50_broad,mlp,soft,S2p,19,1.1003244449977991
R6_N50_broad,mlp,soft,delta2p,17,2.5838042581801854
R6_N50_broad,mlp,residual,Sp,19,2.3447554197193656
R6_N50_broad,mlp,residual,S2p,19,2.0936025038988495
R6_N50_broad,mlp,residual,delta2p,17,2.384421644718662
R6_N50_broad,mlp,adaptive,Sp,19,1.8426476118229478
R6_N50_broad,mlp,adaptive,S2p,19,1.1889899820543224
R6_N50_broad,mlp,adaptive,delta2p,17,2.349497238041954
R6_N82_broad,ridge,soft,Sp,23,1.0
R6_N82_broad,ridge,soft,S2p,22,1.0
R6_N82_broad,ridge,soft,delta2p,20,1.0
R6_N82_broad,ridge,residual,Sp,23,1.0692651296562539
R6_N82_broad,ridge,residual,S2p,22,1.0314359704464402
R6_N82_broad,ridge,residual,delta2p,20,1.007055906890991
R6_N82_broad,ridge,adaptive,Sp,23,0.8891058710063794
R6_N82_broad,ridge,adaptive,S2p,22,0.8974879597592299
R6_N82_broad,ridge,adaptive,delta2p,20,0.9734730471762247
R6_N82_broad,hgb,soft,Sp,23,2.036718928329785
R6_N82_broad,hgb,soft,S2p,22,1.7813866853554272
R6_N82_broad,hgb,soft,delta2p,20,2.0065976976816855
R6_N82_broad,hgb,residual,Sp,23,6.779819278514002
R6_N82_broad,hgb,residual,S2p,22,7.144262834289422
R6_N82_broad,hgb,residual,delta2p,20,6.922112907785289
R6_N82_broad,hgb,adaptive,Sp,23,1.6613321567612727
R6_N82_broad,hgb,adaptive,S2p,22,1.681988995225644
R6_N82_broad,hgb,adaptive,delta2p,20,1.5937542080355476
R6_N82_broad,mlp,soft,Sp,23,1.6470555050422038
R6_N82_broad,mlp,soft,S2p,22,1.2265908182905612
R6_N82_broad,mlp,soft,delta2p,20,1.577811489817566
R6_N82_broad,mlp,residual,Sp,23,4.274627891853262
R6_N82_broad,mlp,residual,S2p,22,4.045235518593212
R6_N82_broad,mlp,residual,delta2p,20,2.768696605932945
R6_N82_broad,mlp,adaptive,Sp,23,1.5602080642152225
R6_N82_broad,mlp,adaptive,S2p,22,1.269852785562005
R6_N82_broad,mlp,adaptive,delta2p,20,1.4436675010102251
R6_N126_broad,ridge,soft,Sp,13,1.0
R6_N126_broad,ridge,soft,S2p,12,1.0
R6_N126_broad,ridge,soft,delta2p,10,1.0
R6_N126_broad,ridge,residual,Sp,13,0.9806761192856212
R6_N126_broad,ridge,residual,S2p,12,1.0229829353989457
R6_N126_broad,ridge,residual,delta2p,10,0.9823706364412748
R6_N126_broad,ridge,adaptive,Sp,13,1.0240942298637525
R6_N126_broad,ridge,adaptive,S2p,12,1.0361803163574643
R6_N126_broad,ridge,adaptive,delta2p,10,1.0013186650770873
R6_N126_broad,hgb,soft,Sp,13,1.2248016365084884
R6_N126_broad,hgb,soft,S2p,12,0.930633481589639
R6_N126_broad,hgb,soft,delta2p,10,1.8652158280769269
R6_N126_broad,hgb,residual,Sp,13,2.7830355035293715
R6_N126_broad,hgb,residual,S2p,12,2.0934863224452878
R6_N126_broad,hgb,residual,delta2p,10,1.8116925733207803
R6_N126_broad,hgb,adaptive,Sp,13,1.2613779732923895
R6_N126_broad,hgb,adaptive,S2p,12,1.113521237451234
R6_N126_broad,hgb,adaptive,delta2p,10,1.6039018628172936
R6_N126_broad,mlp,soft,Sp,13,1.1653192873733154
R6_N126_broad,mlp,soft,S2p,12,0.9572958644279119
R6_N126_broad,mlp,soft,delta2p,10,1.4777322643812543
R6_N126_broad,mlp,residual,Sp,13,3.282112708028913
R6_N126_broad,mlp,residual,S2p,12,3.4500511874835675
R6_N126_broad,mlp,residual,delta2p,10,2.9795802452651023
R6_N126_broad,mlp,adaptive,Sp,13,1.2008299928603172
R6_N126_broad,mlp,adaptive,S2p,12,0.985164441505059
R6_N126_broad,mlp,adaptive,delta2p,10,1.3995756893758173
R4_magic_pm2_broad,ridge,soft,Sn,759,1.0
R4_magic_pm2_broad,ridge,soft,S2n,683,1.0
R4_magic_pm2_broad,ridge,soft,Sp,719,1.0
R4_magic_pm2_broad,ridge,soft,S2p,604,1.0
R4_magic_pm2_broad,ridge,soft,delta2n,531,1.0
R4_magic_pm2_broad,ridge,soft,delta2p,395,1.0
R4_magic_pm2_broad,ridge,residual,Sn,759,1.102302554639028
R4_magic_pm2_broad,ridge,residual,S2n,683,1.0230169333126642
R4_magic_pm2_broad,ridge,residual,Sp,719,1.127736043930276
R4_magic_pm2_broad,ridge,residual,S2p,604,1.0240144792302657
R4_magic_pm2_broad,ridge,residual,delta2n,531,1.01027034411679
R4_magic_pm2_broad,ridge,residual,delta2p,395,1.0264452820237724
R4_magic_pm2_broad,ridge,adaptive,Sn,759,1.043816570680484
R4_magic_pm2_broad,ridge,adaptive,S2n,683,0.9857851360017549
R4_magic_pm2_broad,ridge,adaptive,Sp,719,1.0595149294252797
R4_magic_pm2_broad,ridge,adaptive,S2p,604,0.9576870845406781
R4_magic_pm2_broad,ridge,adaptive,delta2n,531,0.9982026337530173
R4_magic_pm2_broad,ridge,adaptive,delta2p,395,0.9986627339891265
R4_magic_pm2_broad,hgb,soft,Sn,759,2.349796719284032
R4_magic_pm2_broad,hgb,soft,S2n,683,2.3168467561549453
R4_magic_pm2_broad,hgb,soft,Sp,719,2.4388844246177666
R4_magic_pm2_broad,hgb,soft,S2p,604,2.3534964887677123
R4_magic_pm2_broad,hgb,soft,delta2n,531,2.37938175542474
R4_magic_pm2_broad,hgb,soft,delta2p,395,2.3256368525702733
R4_magic_pm2_broad,hgb,residual,Sn,759,7.803912541033378
R4_magic_pm2_broad,hgb,residual,S2n,683,8.58989923683666
R4_magic_pm2_broad,hgb,residual,Sp,719,6.822567482479808
R4_magic_pm2_broad,hgb,residual,S2p,604,6.913758906268294
R4_magic_pm2_broad,hgb,residual,delta2n,531,9.555397868690859
R4_magic_pm2_broad,hgb,residual,delta2p,395,6.732009382472246
R4_magic_pm2_broad,hgb,adaptive,Sn,759,2.1331663217194787
R4_magic_pm2_broad,hgb,adaptive,S2n,683,2.124725865784559
R4_magic_pm2_broad,hgb,adaptive,Sp,719,2.185759256137917
R4_magic_pm2_broad,hgb,adaptive,S2p,604,2.1828397585434467
R4_magic_pm2_broad,hgb,adaptive,delta2n,531,2.1637206661105917
R4_magic_pm2_broad,hgb,adaptive,delta2p,395,2.1988994149344023
R4_magic_pm2_broad,mlp,soft,Sn,759,1.9093936696180458
R4_magic_pm2_broad,mlp,soft,S2n,683,1.4105289228594982
R4_magic_pm2_broad,mlp,soft,Sp,719,1.977018821593265
R4_magic_pm2_broad,mlp,soft,S2p,604,1.5753321630970412
R4_magic_pm2_broad,mlp,soft,delta2n,531,1.5732798734701763
R4_magic_pm2_broad,mlp,soft,delta2p,395,1.892062975871642
R4_magic_pm2_broad,mlp,residual,Sn,759,3.323321131474232
R4_magic_pm2_broad,mlp,residual,S2n,683,2.365274177198587
R4_magic_pm2_broad,mlp,residual,Sp,719,3.230709710356507
R4_magic_pm2_broad,mlp,residual,S2p,604,2.767080648422753
R4_magic_pm2_broad,mlp,residual,delta2n,531,1.954390891913776
R4_magic_pm2_broad,mlp,residual,delta2p,395,2.46969851608358
R4_magic_pm2_broad,mlp,adaptive,Sn,759,1.8956639410175686
R4_magic_pm2_broad,mlp,adaptive,S2n,683,1.4284282213943833
R4_magic_pm2_broad,mlp,adaptive,Sp,719,2.0066606905689603
R4_magic_pm2_broad,mlp,adaptive,S2p,604,1.6467638467243138
R4_magic_pm2_broad,mlp,adaptive,delta2n,531,1.58114658239478
R4_magic_pm2_broad,mlp,adaptive,delta2p,395,1.8590919319736094
