regime,population,family,mechanism,n,mae,rmse,bias,median_ae,p95_ae,G_vs_data_MAE,fraction_G_soft_gt1,fraction_G_residual_gt1
R0_random,primary,physics,physics_only,468,2.2527708734558134,3.067715514172955,-0.09795056645320371,1.6962177770029712,6.443197112176049,,,
R0_random,primary,hgb,data,468,2.2217380924534584,3.2884352593122963,0.12379135939346944,1.6403163520936914,6.100660732667003,,,
R0_random,primary,hgb,soft,468,1.601313770711166,2.165170140448995,-0.009253796114542375,1.2340454701769659,4.083932101711962,1.3874470657095226,,
R0_random,primary,hgb,residual,468,0.3324890536027962,0.5333120311692853,-0.04747676300721996,0.24655198306305692,0.9494216858390655,6.682139061058021,,
R0_random,primary,hgb,adaptive,468,1.4834285934954585,1.9755838213232035,0.14203036097866187,1.177189148540947,3.667930792325433,1.49770477810347,,
R0_random,primary,mlp,data,468,2.41067509798992,3.404423797087754,0.13942628987249256,1.6498619520141915,6.9010551238924105,,,
R0_random,primary,mlp,soft,468,1.8774862489886295,2.5980311631975974,-0.0029998239229283154,1.3966972340075472,5.753569496910138,1.283990814467222,,
R0_random,primary,mlp,residual,468,0.47794018689957035,0.7932889705340259,-0.06656956540322588,0.2221169805776526,1.8639168675465612,5.043884494476451,,
R0_random,primary,mlp,adaptive,468,1.8697522879340338,2.5641124805448894,0.055945258085768675,1.3744270728976176,5.757653868485324,1.2893018575490416,,
R0_random,primary,mlp,seed_robustness,5,,,,,,,1.0,1.0
R0_random,primary,ridge,data,468,1.8813136702670448,2.499431948130664,-0.08182087364472528,1.5488111748766755,5.161584008139722,,,
R0_random,primary,ridge,soft,468,1.8813136702670448,2.499431948130664,-0.08182087364472528,1.5488111748766755,5.161584008139722,1.0,,
R0_random,primary,ridge,residual,468,1.817052187406606,2.416386810480996,-0.09355238610225171,1.428977584593305,4.542303268576415,1.0353657882287663,,
R0_random,primary,ridge,adaptive,468,1.8655031445231829,2.5028685763317577,-0.06472289644026225,1.4945609886132445,5.051251475173213,1.0084752072331151,,
R0_random,primary,BWN,physics_only_shell_aware,468,0.7001271823374189,0.8833662610610297,-0.056922948874617796,0.586371919718431,1.738455198392272,,,
R1_Ca,primary,physics,physics_only,19,2.8893881346834234,3.496397527738419,-0.1519934582910459,2.536041743630676,6.137195311808323,,,
R1_Ca,primary,hgb,data,19,2.9685235113235326,3.3901575672073054,-1.9228751646127373,3.186308214386827,5.75982236257232,,,
R1_Ca,primary,hgb,soft,19,2.0888154574120286,2.623561751478416,-0.860346140819717,1.9475805718396373,4.692276496649195,1.4211516392172971,,
R1_Ca,primary,hgb,residual,19,0.5453929485957204,0.7269854010608094,-0.5153911731478705,0.5295145607573204,1.4612716835235062,5.442907758464602,,
R1_Ca,primary,hgb,adaptive,19,2.000250239561781,2.527486915962066,-1.0345184262737768,1.8128056004176756,4.363198971696281,1.4840760683892646,,
R1_Ca,primary,mlp,data,19,2.2845650660898937,2.6062486006657,-1.125578753111636,2.2586177721819354,3.9343253929090674,,,
R1_Ca,primary,mlp,soft,19,2.4172480813084456,2.860861891241731,-0.5414275762192825,2.447519328556041,4.627696945859627,0.9451098891154229,,
R1_Ca,primary,mlp,residual,19,1.942219818779207,2.2998723834427457,-0.4497076791036683,1.9269341696797824,3.6140800530137596,1.1762649335572477,,
R1_Ca,primary,mlp,adaptive,19,2.327910430857281,2.739720401650908,-0.4913016991249666,2.48599695251977,4.428088566916455,0.9813801406648516,,
R1_Ca,primary,mlp,seed_robustness,5,,,,,,,0.6,1.0
R1_Ca,primary,ridge,data,19,1.8109097823178246,2.114621151784292,-0.45086763112577966,1.8020726512074248,3.4458011288044474,,,
R1_Ca,primary,ridge,soft,19,1.8109097823178246,2.114621151784292,-0.45086763112577966,1.8020726512074248,3.4458011288044474,1.0,,
R1_Ca,primary,ridge,residual,19,2.006165785876958,2.387469683632542,-0.8231672385558233,1.8430430017999697,3.9006299932161763,0.9026720498706039,,
R1_Ca,primary,ridge,adaptive,19,2.025736960617729,2.389297898270994,-0.3381305267407607,2.3596850620298824,3.7124561870032378,0.8939510990437796,,
R1_Ca,primary,BWN,physics_only_shell_aware,19,1.175786235476138,1.4264956076988913,-0.001141643920884929,1.1815389898799253,2.7710935708223796,,,
R1_Sn,primary,physics,physics_only,32,4.285946164832051,6.114285984087856,-3.894182119065878,2.4720377484659366,12.454352430976302,,,
R1_Sn,primary,hgb,data,32,1.8599508517908454,2.267513731365581,-1.6118380646533375,1.2996814191006933,4.254052395378761,,,
R1_Sn,primary,hgb,soft,32,3.0204946826097583,4.220888005898759,-2.9812444973008567,1.9031518368105935,9.093311233192741,0.6157768998897282,,
R1_Sn,primary,hgb,residual,32,1.024841209258625,1.129537813745008,-1.024841209258625,0.9091041839049012,2.20055527728889,1.8148673521201812,,
R1_Sn,primary,hgb,adaptive,32,2.244266665672672,2.8637504385191734,-2.2109923288669613,1.6668837810379387,6.141350619080719,0.8287566180257656,,
R1_Sn,primary,mlp,data,32,2.625340019021614,3.2672823667897517,-2.3628351049870986,2.1341297297847746,6.437622207437755,,,
R1_Sn,primary,mlp,soft,32,3.49579029920179,4.748908364720309,-3.2816433134343974,2.561066679164469,9.706854806568595,0.751000430323601,,
R1_Sn,primary,mlp,residual,32,0.9717905201860475,1.102833111449846,-0.9717905201860475,0.8098571048186045,1.8190703885589754,2.701549320031438,,
R1_Sn,primary,mlp,adaptive,32,3.2980714589844773,4.410027862409089,-3.093675236294356,2.5569343956474313,8.7377951825821,0.7960227823050242,,
R1_Sn,primary,mlp,seed_robustness,5,,,,,,,0.0,1.0
R1_Sn,primary,ridge,data,32,3.6545898027674433,4.769575786267341,-3.6545898027674433,2.2397859925228545,9.66595980963848,,,
R1_Sn,primary,ridge,soft,32,3.6545898027674433,4.769575786267341,-3.6545898027674433,2.2397859925228545,9.66595980963848,1.0,,
R1_Sn,primary,ridge,residual,32,3.64864054327413,4.668463720353503,-3.64864054327413,2.4381431734007606,9.392684255283132,1.00163054140926,,
R1_Sn,primary,ridge,adaptive,32,3.69178464747063,5.052813134910943,-3.69178464747063,2.238852226784161,10.343326592295762,0.989924969017716,,
R1_Sn,primary,BWN,physics_only_shell_aware,32,0.7453588883030129,0.878577119191519,0.28421045233490005,0.7370045365368583,1.469207363074031,,,
R1_Ni,primary,physics,physics_only,22,1.7496697249020976,2.067592006956418,-0.6011136586848626,1.7481545239333514,3.44290943444274,,,
R1_Ni,primary,hgb,data,22,2.42626654409299,2.898844887692346,-1.7401437326235845,2.2737054187808496,4.5860504094322545,,,
R1_Ni,primary,hgb,soft,22,1.1257695496386786,1.4120513779714137,-1.0567256882603535,0.8502136371400297,2.713963872077957,2.1552071157651334,,
R1_Ni,primary,hgb,residual,22,0.7291784337013599,0.8028339120790858,-0.6841578844545624,0.6779177772179423,1.222156725716195,3.3273975641011404,,
R1_Ni,primary,hgb,adaptive,22,1.4521428586066454,1.6099774696972684,-1.262587542992595,1.3425161590792527,2.5635655273683424,1.6708180808195634,,
R1_Ni,primary,mlp,data,22,2.522808804213686,3.6810244576772684,-0.6643309514711188,1.2108177449831032,6.4293131838028925,,,
R1_Ni,primary,mlp,soft,22,1.4765947747045258,2.079410836453652,-0.6264005757993697,1.1128646869415775,4.412671610710205,1.708531580520128,,
R1_Ni,primary,mlp,residual,22,1.7233186632251922,2.062441273203806,-1.6624679051365427,1.440549861181978,3.801458505327818,1.4639247273584604,,
R1_Ni,primary,mlp,adaptive,22,1.4492315506006486,2.122654568326202,-0.6341670079547881,0.9557697660586086,4.44805353151604,1.7407906991592077,,
R1_Ni,primary,mlp,seed_robustness,5,,,,,,,1.0,1.0
R1_Ni,primary,ridge,data,22,1.6946661117894424,2.354043572211394,-1.6891395633596822,1.0830854334146807,5.230667913888552,,,
R1_Ni,primary,ridge,soft,22,1.6946661117894424,2.354043572211394,-1.6891395633596822,1.0830854334146807,5.230667913888552,1.0,,
R1_Ni,primary,ridge,residual,22,1.5672391957822667,2.027482674490121,-1.5672391957822667,1.0701345438675958,4.290707723429431,1.0813066163417206,,
R1_Ni,primary,ridge,adaptive,22,1.380810649716223,2.0615232945674924,-1.3764684893384667,0.7705451656632363,4.664417420849073,1.227297973214301,,
R1_Pb,primary,physics,physics_only,38,3.775143038896688,4.737966312897875,-3.775143038896688,3.0630438863507834,9.02492959453982,,,
R1_Pb,primary,hgb,data,38,1.9486882327433335,2.435083722156605,-0.30350731272142784,1.6603356298538756,4.4003065040409295,,,
R1_Pb,primary,hgb,soft,38,2.4470384912014027,3.2369960595219784,-2.3864887484265687,1.5845883764718565,6.4329132129319415,0.7963455580082035,,
R1_Pb,primary,hgb,residual,38,0.5084226454474255,0.636547130081191,-0.5084226454474255,0.4419561067710447,1.1752925909027447,3.8328116384911133,,
R1_Pb,primary,hgb,adaptive,38,1.9365834261095642,2.457094122206536,-1.782127041309602,1.546035320060696,4.836936987224339,1.0062505991069473,,
R1_Pb,primary,mlp,data,38,3.431315198666234,4.585755694476175,-0.298747517049414,2.132200006047242,8.168643499352696,,,
R1_Pb,primary,mlp,soft,38,2.867697429751645,3.864667743542371,-2.384584830157774,1.8121219082495372,8.01471296415899,1.1965401799601294,,
R1_Pb,primary,mlp,residual,38,0.6879687325432123,0.8939248631223985,-0.6879687325432123,0.4996009017571623,1.9369904211139781,4.9876034132855125,,
R1_Pb,primary,mlp,adaptive,38,2.7349099408309328,3.624619950052589,-2.029720082474491,2.010828778360178,7.539837259998818,1.2546355356855794,,
R1_Pb,primary,mlp,seed_robustness,5,,,,,,,1.0,1.0
R1_Pb,primary,ridge,data,38,3.0656703388076254,4.2573219898274495,-3.0656703388076254,2.1543472611933794,8.644194291396456,,,
R1_Pb,primary,ridge,soft,38,3.0656703388076254,4.2573219898274495,-3.0656703388076254,2.1543472611933794,8.644194291396456,1.0,,
R1_Pb,primary,ridge,residual,38,3.0294935307697357,4.308151283314231,-2.9357350695036732,2.0239945098593353,8.686187564619102,1.0119415366530582,,
R1_Pb,primary,ridge,adaptive,38,3.2676436949097276,4.3586162260159,-3.2676436949097276,2.2761546661690772,8.73777388126375,0.9381899083989076,,
R2_neutron_rich,primary,physics,physics_only,491,3.398729885677654,4.711465477034038,-2.0019036300082806,2.604214878457924,9.96419188971322,,,
R2_neutron_rich,primary,hgb,data,491,8.788289489917283,11.413224098132838,8.672158093329324,6.742730883651802,23.932447814939906,,,
R2_neutron_rich,primary,hgb,soft,491,3.090282226938724,3.977751415938612,2.267721059326763,2.4752820332187184,8.25184698402552,2.8438468866395685,,
R2_neutron_rich,primary,hgb,residual,491,1.1903308825578778,1.8131305448157955,-0.28285799250945165,0.7424460881325103,4.446986913364185,7.383064338406735,,
R2_neutron_rich,primary,hgb,adaptive,491,4.585622093616878,6.014623793701157,4.390579942013497,3.5126908411414206,12.740355938895277,1.9164879509261044,,
R2_neutron_rich,primary,mlp,data,491,9.026698266065923,11.142930074749918,8.769637434228626,7.62550800754525,21.85209159770136,,,
R2_neutron_rich,primary,mlp,soft,491,3.7079671928151683,4.595296959176682,2.306712795686488,3.0845044161889064,9.19306982024466,2.434406184487479,,
R2_neutron_rich,primary,mlp,residual,491,0.790448754715248,1.1362663143209573,0.23467523967880824,0.4830788165335207,2.6312911833258568,11.419713437739185,,
R2_neutron_rich,primary,mlp,adaptive,491,4.4670844854817,5.672784971491853,3.6250068388253536,3.5658589003249404,11.54889724242878,2.020713576249397,,
R2_neutron_rich,primary,mlp,seed_robustness,5,,,,,,,1.0,1.0
R2_neutron_rich,primary,ridge,data,491,2.8338011963571805,3.4583369069539627,0.8372379958269754,2.5101168113203585,6.640855889287195,,,
R2_neutron_rich,primary,ridge,soft,491,2.8338011963571805,3.4583369069539627,0.8372379958269754,2.5101168113203585,6.640855889287195,1.0,,
R2_neutron_rich,primary,ridge,residual,491,2.7089288648195784,3.2874704385143576,0.47107427510512595,2.294271200634057,6.21105693443053,1.0460965709211856,,
R2_neutron_rich,primary,ridge,adaptive,491,2.2794068082850876,3.0366946025065187,-0.20013436150733863,1.7708818687336816,6.956072197259914,1.2432187120162161,,
R2_neutron_rich,primary,BWN,physics_only_shell_aware,491,0.8885393974081411,1.0761728036362017,-0.2622653320639017,0.7632772267184009,2.1540901104054626,,,
R3_proton_rich,primary,physics,physics_only,491,2.3734973697388897,2.9996695754019056,-1.8692692930076726,2.0787003058067057,5.636563066338681,,,
R3_proton_rich,primary,hgb,data,491,11.716032753549257,14.481522579343329,11.663881239343516,9.507331632925343,27.955710639579877,,,
R3_proton_rich,primary,hgb,soft,491,3.7444462143183217,4.794872246064245,3.5439909199328046,2.9592111878370133,9.4118214459113,3.1289093454590233,,
R3_proton_rich,primary,hgb,residual,491,1.060023575743113,1.587256368475084,-0.7939489193371789,0.62753191782258,3.4051920379594662,11.05261526408591,,
R3_proton_rich,primary,hgb,adaptive,491,3.5283225428048888,4.877923326668939,3.372345982438463,2.7331948664059382,9.738613096002894,3.3205673833422935,,
R3_proton_rich,primary,mlp,data,491,11.74840523652919,14.704951286337856,10.454127614936384,9.977723369336672,29.06638473829429,,,
R3_proton_rich,primary,mlp,soft,491,3.8265103713731765,4.827006565410314,3.060089470169949,3.2270972891711835,9.455899959553449,3.070266142337195,,
R3_proton_rich,primary,mlp,residual,491,1.6359869263721498,2.771467960561866,0.9810260432332542,0.6538403384795402,6.688185792038922,7.181234181731289,,
R3_proton_rich,primary,mlp,adaptive,491,3.433399240753898,4.303906953706314,2.636895185444682,3.0653485366617588,7.968476836896684,3.4217999168513544,,
R3_proton_rich,primary,mlp,seed_robustness,5,,,,,,,1.0,1.0
R3_proton_rich,primary,ridge,data,491,2.169841408600494,3.179014715438163,1.2871793367025106,1.4299816804845022,6.062122746140517,,,
R3_proton_rich,primary,ridge,soft,491,2.169841408600494,3.179014715438163,1.2871793367025106,1.4299816804845022,6.062122746140517,1.0,,
R3_proton_rich,primary,ridge,residual,491,2.0244868177209727,2.869133784411728,0.12410764996472219,1.5264210449036,5.521371584829197,1.0717982402291715,,
R3_proton_rich,primary,ridge,adaptive,491,1.8520620597767063,2.335881885281438,-0.2958249730273202,1.6282359827052915,4.393612087739655,1.1715813717722292,,
R3_proton_rich,primary,BWN,physics_only_shell_aware,491,0.8336869908165815,1.0708798934482842,-0.6148780823788287,0.6626236592485384,2.232289635008442,,,
R4_magic_pm1,primary,physics,physics_only,524,3.4920266349102587,4.7037559230381865,-2.925818420712819,2.399463853334396,9.73616576551302,,,
R4_magic_pm1,primary,hgb,data,524,2.712131019778675,3.652581436687554,-0.5469794338974623,2.0514739055425935,7.761880294986428,,,
R4_magic_pm1,primary,hgb,soft,524,2.427136347064553,3.2666646987873076,-1.9742828259866756,1.7917615123935775,6.796508065674641,1.1174201330134594,,
R4_magic_pm1,primary,hgb,residual,524,1.1527213639781237,1.4876726603066857,-1.0632938548236575,0.9348938517377405,3.18838894749752,2.352807108926061,,
R4_magic_pm1,primary,hgb,adaptive,524,2.203894483861018,2.894678151753495,-1.5266502398224202,1.7779824777872193,5.7555679932413,1.2306083796839828,,
R4_magic_pm1,primary,mlp,data,524,3.07203394633094,3.782098998643961,-2.0241501995226128,2.616738918224854,7.298458190930039,,,
R4_magic_pm1,primary,mlp,soft,524,3.079649386980893,3.966480946931155,-2.5651511322367386,2.4752589722344,8.224260329095646,0.9975271728391722,,
R4_magic_pm1,primary,mlp,residual,524,1.4624002841216919,1.8313018725561099,-1.1427790637520086,1.1531993824988263,3.506442817658069,2.100679259766408,,
R4_magic_pm1,primary,mlp,adaptive,524,2.9749733311958932,3.78323954831547,-2.450839299385129,2.433055510655606,7.7217237199364686,1.03262570931889,,
R4_magic_pm1,primary,mlp,seed_robustness,5,,,,,,,0.8,1.0
R4_magic_pm1,primary,ridge,data,524,3.185523793571124,4.046912166759619,-2.778343637555602,2.569823969122808,8.391385626000691,,,
R4_magic_pm1,primary,ridge,soft,524,3.185523793571124,4.046912166759619,-2.778343637555602,2.569823969122808,8.391385626000691,1.0,,
R4_magic_pm1,primary,ridge,residual,524,3.102399878577241,3.9765570792854223,-2.796211709373059,2.5476468024843086,8.328167431502273,1.0267934238806131,,
R4_magic_pm1,primary,ridge,adaptive,524,3.1292598385862807,4.113745356077423,-2.781852349325491,2.4570250938793947,8.85716610664125,1.017979956247501,,
R4_magic_pm1,primary,BWN,physics_only_shell_aware,524,0.8598814230442644,1.0789190130508068,0.2709617186164991,0.7191359016956369,2.138656689618227,,,
R6_N50,primary,physics,physics_only,19,3.2978743367196652,4.195686656157782,-3.2978743367196652,2.2642097540586974,7.822559637144282,,,
R6_N50,primary,hgb,data,19,1.6992229809835935,2.072214585207815,-0.8926260921891873,1.615819051339031,3.9055454479966096,,,
R6_N50,primary,hgb,soft,19,2.3357750389074656,2.6714422052883133,-2.3357750389074656,1.937839629071732,4.785931981263571,0.7274771554106457,,
R6_N50,primary,hgb,residual,19,1.2585220093506235,1.348851402465505,-1.2585220093506235,1.2030660069522128,2.0520556607892884,1.3501734322948904,,
R6_N50,primary,hgb,adaptive,19,1.9376513559049224,2.256008845217132,-1.9376513559049224,1.8278199165850992,4.230649942356125,0.8769498061688306,,
R6_N50,primary,mlp,data,19,2.6677706786328934,2.873079691781064,-2.5462459782592974,2.8517824285532924,4.176268877289362,,,
R6_N50,primary,mlp,soft,19,2.997222993335509,3.292414038071933,-2.997222993335509,2.30658471077993,5.2982807040226705,0.8900808129941713,,
R6_N50,primary,mlp,residual,19,1.9290091503810105,2.042335562187939,-1.9290091503810105,2.1071505415809497,2.841949321159051,1.3829746106211915,,
R6_N50,primary,mlp,adaptive,19,2.9676568850890734,3.25141646473172,-2.9676568850890734,2.371386658719416,5.385215847907761,0.8989484909920175,,
R6_N50,primary,mlp,seed_robustness,5,,,,,,,0.8,1.0
R6_N50,primary,ridge,data,19,3.7519452298586025,3.8256674390041487,-3.7519452298586025,3.693610361990409,5.118836072012617,,,
R6_N50,primary,ridge,soft,19,3.7519452298586025,3.8256674390041487,-3.7519452298586025,3.693610361990409,5.118836072012617,1.0,,
R6_N50,primary,ridge,residual,19,3.698953891932206,3.8026087490583587,-3.698953891932206,3.4078045411837365,5.675357145646363,1.0143260336502102,,
R6_N50,primary,ridge,adaptive,19,3.453467813262005,3.6848803054435986,-3.453467813262005,2.8357106728441295,6.099930170983269,1.086428318645503,,
R6_N82,primary,physics,physics_only,22,5.365197735048272,6.662758552044247,-5.365197735048272,3.581023889383573,12.364653097448569,,,
R6_N82,primary,hgb,data,22,2.081428779034478,2.367730758270134,-1.9947750436072367,1.9197163213805197,3.7274765065101745,,,
R6_N82,primary,hgb,soft,22,4.017028658471852,4.773493503621914,-4.017028658471852,2.838344444218478,8.788386605582957,0.5181513392105821,,
R6_N82,primary,hgb,residual,22,1.0619845455278105,1.1481709036285428,-1.0619845455278105,0.9041895971448639,1.9732494003895222,1.959942626095373,,
R6_N82,primary,hgb,adaptive,22,3.1228111936185523,3.4753902291894314,-3.1228111936185523,2.5363244710572417,5.9685200985675575,0.6665240547644592,,
R6_N82,primary,mlp,data,22,4.32648494663217,4.777385790756132,-4.070707586036044,3.9871417718003386,7.3967295087950555,,,
R6_N82,primary,mlp,soft,22,4.847401675443373,5.4887769852715795,-4.847401675443373,3.358648052872695,9.088997753491219,0.8925369169528216,,
R6_N82,primary,mlp,residual,22,1.2348708095322536,1.3049648392216415,-1.2348708095322536,1.159545631835499,2.021067351033696,3.503593180140814,,
R6_N82,primary,mlp,adaptive,22,4.582628924751899,5.113726071911139,-4.582628924751899,3.433878046695213,8.548853411747176,0.9441054507520273,,
R6_N82,primary,mlp,seed_robustness,5,,,,,,,0.2,1.0
R6_N82,primary,ridge,data,22,4.903376602668914,5.656329080956326,-4.903376602668914,3.518422926041467,10.107071045360442,,,
R6_N82,primary,ridge,soft,22,4.903376602668914,5.656329080956326,-4.903376602668914,3.518422926041467,10.107071045360442,1.0,,
R6_N82,primary,ridge,residual,22,4.965790465413224,5.611884422022768,-4.965790465413224,3.661097064688988,9.95753281427974,0.9874312331180659,,
R6_N82,primary,ridge,adaptive,22,4.99287827495424,5.8760158527805215,-4.99287827495424,3.3112039755117166,10.590412119883615,0.9820741329236298,,
R6_N126,primary,physics,physics_only,14,5.495332963739202,6.191202830426766,-5.495332963739202,5.053012836353105,9.702377216123192,,,
R6_N126,primary,hgb,data,14,4.077477680195151,4.265017365834851,-4.077477680195151,4.21908109269134,5.727068673840006,,,
R6_N126,primary,hgb,soft,14,4.928190850321569,5.3090461131182005,-4.928190850321569,5.225653373749537,7.633459386605648,0.8273782010550772,,
R6_N126,primary,hgb,residual,14,0.6266148181780247,0.8068928567225179,-0.6025552904935368,0.4105410070513926,1.5251438427893047,6.507151701345047,,
R6_N126,primary,hgb,adaptive,14,4.471521757892837,4.708132429297155,-4.471521757892837,4.791496791842064,6.090217635254703,0.9118769629148857,,
R6_N126,primary,mlp,data,14,4.785304841255311,5.2115301418029505,-4.731697924913631,4.920118164357973,7.511303857569805,,,
R6_N126,primary,mlp,soft,14,5.18987894820899,5.715513498089701,-5.18987894820899,5.210248946714046,8.619212248433245,0.9220455600234575,,
R6_N126,primary,mlp,residual,14,1.0773464645694568,1.1881235961099104,-1.0773464645694568,0.8505348131906203,1.9616888767916179,4.441751097375788,,
R6_N126,primary,mlp,adaptive,14,5.042537351978077,5.520829521216415,-5.042537351978077,5.063465098081451,8.307067211955337,0.9489874853139443,,
R6_N126,primary,mlp,seed_robustness,5,,,,,,,0.2,1.0
R6_N126,primary,ridge,data,14,4.551124001433858,5.48599040118954,-4.551124001433858,4.204443969046906,9.067323830226394,,,
R6_N126,primary,ridge,soft,14,4.551124001433858,5.48599040118954,-4.551124001433858,4.204443969046906,9.067323830226394,1.0,,
R6_N126,primary,ridge,residual,14,4.605584814775739,5.533106381095314,-4.605584814775739,4.152111003944469,9.090052345490971,0.9881750493081447,,
R6_N126,primary,ridge,adaptive,14,4.892599065356178,5.693447376566905,-4.892599065356178,4.488852673345377,9.22435315166491,0.9302057946378116,,
R7_light_random,light,physics,physics_only,509,2.5638428036497625,3.652445059816623,-0.16565204027915054,1.8510593092753425,6.371337651823565,,,
R7_light_random,light,hgb,data,509,2.9441003341941316,4.507483223554459,0.21154817480369556,2.2545959925200805,7.114811937280339,,,
R7_light_random,light,hgb,soft,509,1.908494984862631,2.616042890377394,-0.014771954246008903,1.4348704440278652,5.150201591916925,1.542629327059008,,
R7_light_random,light,hgb,residual,509,0.4731223611437297,1.198217906537222,-0.017900759773345796,0.24789557522478844,1.1618584387530508,6.222703841511613,,
R7_light_random,light,hgb,adaptive,509,1.818930868775325,2.467676751460426,0.13999919474989284,1.370405865702537,4.895595265909878,1.6185883612918046,,
R7_light_random,light,mlp,data,509,2.065329764521458,2.9567269760120465,0.09841875764814831,1.4361581160419519,6.026636055212291,,,
R7_light_random,light,mlp,soft,509,1.9171545527405613,2.6121126289043204,-0.06002372110822751,1.4933340712232166,5.063896143682469,1.0772891322554465,,
R7_light_random,light,mlp,residual,509,0.5676422317051544,0.9371323256831479,0.07003962550473178,0.26230410894618217,2.2594507019852377,3.638435706796098,,
R7_light_random,light,mlp,adaptive,509,1.8075851394118656,2.3924237757113005,0.06036358968171168,1.3722817721040883,4.873875885202093,1.1425905864624748,,
R7_light_random,primary,mlp,seed_robustness,5,,,,,,,1.0,1.0
R7_light_random,light,ridge,data,509,1.9152689565513037,2.463315939209039,-0.03737476491567141,1.7043396252040566,4.411427475769322,,,
R7_light_random,light,ridge,soft,509,1.9152689565513037,2.463315939209039,-0.03737476491567141,1.7043396252040566,4.411427475769322,1.0,,
R7_light_random,light,ridge,residual,509,1.7667995645873433,2.233406352998788,-0.028656254979555786,1.5892036742902746,3.9650572570370506,1.0840329570709608,,
R7_light_random,light,ridge,adaptive,509,1.9427613171413716,2.5190470502792466,-0.05076003266590151,1.58763327995689,4.577900260337264,0.985848822319295,,
R4_magic_pm2,primary,physics,physics_only,817,3.289062377590699,4.4844146693855755,-2.7154713363276537,2.271045353444947,9.660833751993504,,,
R4_magic_pm2,primary,hgb,data,817,6.753870203324682,10.18485755772355,-1.504622937127536,4.587604411641678,25.06803917904014,,,
R4_magic_pm2,primary,hgb,soft,817,3.4055095537292575,4.76949230523548,-2.231131976647602,2.4238561989335494,10.769252115670737,1.9832186921715573,,
R4_magic_pm2,primary,hgb,residual,817,1.3945409643902735,1.9546683641934892,-1.215842915085537,0.9493566671848157,4.027571832307874,4.843077669129379,,
R4_magic_pm2,primary,hgb,adaptive,817,3.4484965982085827,5.050604681904777,-1.8250761457631877,2.3242639928546396,10.719835358741628,1.9584969887553803,,
R4_magic_pm2,primary,mlp,data,817,3.585127790580259,4.390650278915653,-1.9046881451078939,3.1405471395115114,7.984092539272022,,,
R4_magic_pm2,primary,mlp,soft,817,3.068238150358059,3.8967649409611314,-2.3911580598397455,2.504515512003536,7.755295299045146,1.1684646415604603,,
R4_magic_pm2,primary,mlp,residual,817,1.5613353113494155,2.046014194335828,-1.270714860251969,1.2220417202042881,4.138935519557116,2.2961933702003705,,
R4_magic_pm2,primary,mlp,adaptive,817,3.0456541398663557,3.8417101478298865,-2.35742132804008,2.5212277112893844,7.645541231068771,1.177128992964899,,
R4_magic_pm2,primary,mlp,seed_robustness,5,,,,,,,1.0,1.0
R4_magic_pm2,primary,ridge,data,817,3.080553368340132,3.987234537046102,-2.6399238407870085,2.510389072587884,8.45738897805677,,,
R4_magic_pm2,primary,ridge,soft,817,3.080553368340132,3.987234537046102,-2.6399238407870085,2.510389072587884,8.45738897805677,1.0,,
R4_magic_pm2,primary,ridge,residual,817,3.0361834745544907,3.926145561535643,-2.71463598726519,2.464458380415522,8.34904124445679,1.0146137063710063,,
R4_magic_pm2,primary,ridge,adaptive,817,2.9864736884971235,4.000047766241528,-2.6137807514691493,2.2684680215993467,8.552017710556758,1.0315019282458007,,
R0_random_broad,broad,physics,physics_only,492,2.287977024237305,3.0848172340621347,-0.009296531692043015,1.785010263303434,6.108536032328709,,,
R0_random_broad,broad,hgb,data,492,2.533950287419898,3.741002822424375,0.029005164352146763,1.8868263921028756,6.960129004575201,,,
R0_random_broad,broad,hgb,soft,492,1.6190176384166375,2.121486735470093,0.006024146725637068,1.3861571441987905,3.8861060755553125,1.565115924183534,,
R0_random_broad,broad,hgb,residual,492,0.33882619587335555,0.7224028644267684,-0.013281871833903374,0.21982945143741972,0.8276193569830465,7.478613868353388,,
R0_random_broad,broad,hgb,adaptive,492,1.5583484083070989,2.0590612054932698,0.12504075056463565,1.243696540862743,3.745664008022657,1.626048625526969,,
R0_random_broad,broad,mlp,data,492,2.2338237012587494,3.177574892269502,0.24336552648298243,1.6359478797567135,6.5227322230275,,,
R0_random_broad,broad,mlp,soft,492,1.803890520306664,2.39538977934087,0.09176829157796734,1.4276373751489189,4.766938215803071,1.23833662637076,,
R0_random_broad,broad,mlp,residual,492,0.4797494742893976,0.8512503628115601,0.010998258423543038,0.22323822314876907,1.8525987216321813,4.656229596848391,,
R0_random_broad,broad,mlp,adaptive,492,1.7640785902097555,2.3101615246201175,0.1569538089870115,1.4370135873277547,4.771446388388664,1.2662835508893848,,
R0_random_broad,primary,mlp,seed_robustness,5,,,,,,,1.0,1.0
R0_random_broad,broad,ridge,data,492,1.8778147604041364,2.36084587965063,0.12984541095861438,1.5954086777229577,4.47869997925556,,,
R0_random_broad,broad,ridge,soft,492,1.8778147604041364,2.36084587965063,0.12984541095861438,1.5954086777229577,4.47869997925556,1.0,,
R0_random_broad,broad,ridge,residual,492,1.8168885905952206,2.3014077132934645,0.11001145313050228,1.4302205108974704,4.3376467996860955,1.0335332447593588,,
R0_random_broad,broad,ridge,adaptive,492,1.889885181449764,2.382687452709538,0.11304892035763658,1.6769118343371474,4.3639669283898215,0.9936131458333527,,
R1_Ca_broad,broad,physics,physics_only,21,3.247054179449086,3.706678675376475,0.21539540917770714,3.508612470366188,5.528548506839741,,,
R1_Ca_broad,broad,hgb,data,21,2.5975753465504323,3.061660064145653,-1.6819311195571913,2.672631087229604,5.155312241721674,,,
R1_Ca_broad,broad,hgb,soft,21,2.0485037890820927,2.4084137634361613,-0.5435352023162527,1.6612031455951524,4.790484411446926,1.268035412184603,,
R1_Ca_broad,broad,hgb,residual,21,0.545094309274559,0.6778323644424205,-0.4100281980373611,0.44392058900950815,1.0605675140200788,4.765368675390183,,
R1_Ca_broad,broad,hgb,adaptive,21,1.6703809785032766,2.1892807716633573,-0.7509564512302139,1.1863531705217838,4.33102105072129,1.555079577640998,,
R1_Ca_broad,broad,mlp,data,21,2.9478123226880206,3.371651779730947,-1.7015767632379948,2.8762167546559,5.874464425662779,,,
R1_Ca_broad,broad,mlp,soft,21,2.570998967215831,3.0888428693116023,-0.5513934597885715,2.6657703766743452,4.797943214178986,1.146563013162252,,
R1_Ca_broad,broad,mlp,residual,21,2.19206600844801,2.5802036054745034,-0.8321931753785039,1.9491333676011777,4.311752693922358,1.3447643963856186,,
R1_Ca_broad,broad,mlp,adaptive,21,2.512841463666984,3.0305892049734324,-0.7333338475786193,2.8371437706001075,5.18753213760624,1.1730992047489877,,
R1_Ca_broad,primary,mlp,seed_robustness,5,,,,,,,1.0,1.0
R1_Ca_broad,broad,ridge,data,21,1.8739013562902647,2.2092830610738687,-0.6532886636021301,1.7991850001147327,3.6504325748301767,,,
R1_Ca_broad,broad,ridge,soft,21,1.8739013562902647,2.2092830610738687,-0.6532886636021301,1.7991850001147327,3.6504325748301767,1.0,,
R1_Ca_broad,broad,ridge,residual,21,2.051176961206392,2.466192023051546,-0.9924388934150313,2.339687968132523,4.207908299897497,0.9135737148627764,,
R1_Ca_broad,broad,ridge,adaptive,21,2.072112647319159,2.4392419486625987,-0.43865993413428006,2.295998970754283,3.617859111540099,0.9043433805177848,,
R1_Sn_broad,broad,physics,physics_only,35,4.81667317257845,6.662763177116008,-4.533852686087961,2.828222873680943,12.944279478871623,,,
R1_Sn_broad,broad,hgb,data,35,2.332649184675662,2.7864983192062382,-1.9672968981253203,2.122968072223216,4.773534446796941,,,
R1_Sn_broad,broad,hgb,soft,35,3.603995021504355,4.707011166303933,-3.50723037090289,2.5284465388491526,8.738944353997814,0.6472398465472861,,
R1_Sn_broad,broad,hgb,residual,35,1.138286333939943,1.4269662129292962,-1.138286333939943,0.880439049599886,2.5646270930261577,2.0492639814111433,,
R1_Sn_broad,broad,hgb,adaptive,35,2.9550966330420643,3.693250111939305,-2.8555772886819732,2.368135956195033,7.0209614563652964,0.7893647735892696,,
R1_Sn_broad,broad,mlp,data,35,3.308427896796346,3.8166292145455962,-3.0875646660136034,3.258261988726531,6.646137365905951,,,
R1_Sn_broad,broad,mlp,soft,35,4.015014990603933,5.130774355873667,-3.9553374780582153,3.155872915816758,9.566603374863211,0.8240138342045634,,
R1_Sn_broad,broad,mlp,residual,35,1.282332350957641,1.498382251102099,-1.282332350957641,0.9505015481277042,2.988265945797103,2.5800081346506034,,
R1_Sn_broad,broad,mlp,adaptive,35,3.7361194757135925,4.605554344705501,-3.680903922393473,3.2033026359212045,8.295729013616777,0.8855251868422762,,
R1_Sn_broad,primary,mlp,seed_robustness,5,,,,,,,0.0,1.0
R1_Sn_broad,broad,ridge,data,35,3.8874172025448455,4.934973716453104,-3.8874172025448455,2.6458426118587113,9.795123669269968,,,
R1_Sn_broad,broad,ridge,soft,35,3.8874172025448455,4.934973716453104,-3.8874172025448455,2.6458426118587113,9.795123669269968,1.0,,
R1_Sn_broad,broad,ridge,residual,35,3.9398019322584106,4.935042076942994,-3.9398019322584106,2.8154674148580625,9.568962704757928,0.9867037149038768,,
R1_Sn_broad,broad,ridge,adaptive,35,4.0071174056911465,5.27685053908188,-4.0071174056911465,2.9687163203627733,10.28701390115484,0.9701281018179563,,
R1_Ni_broad,broad,physics,physics_only,22,1.6084881683325265,1.8407397858699461,0.07233949835763166,1.5403675892641502,2.757292787388485,,,
R1_Ni_broad,broad,hgb,data,22,2.9100587431854126,3.3070077617051234,-2.131732753755857,2.5009859632065172,5.792491404656317,,,
R1_Ni_broad,broad,hgb,soft,22,1.2440072850001307,1.6697490148601568,-0.8092894024877559,0.9776420623015554,2.567183238000672,2.3392618180568827,,
R1_Ni_broad,broad,hgb,residual,22,0.6644696866081031,0.7424058416045799,-0.6603547986554914,0.7025310377249525,1.1390300482837743,4.379520694225037,,
R1_Ni_broad,broad,hgb,adaptive,22,1.562970424748285,1.9251432310481815,-1.1070927072237178,1.3373739791372827,3.25689314527124,1.8618770368953559,,
R1_Ni_broad,broad,mlp,data,22,2.6343396700005504,3.6137410515913504,-1.1679500269714487,1.6609942037454175,6.663888245013129,,,
R1_Ni_broad,broad,mlp,soft,22,1.5374423686641954,1.9943377566324907,-0.4237763117739968,1.0668205028287616,4.079952711853815,1.7134558821150432,,
R1_Ni_broad,broad,mlp,residual,22,1.7023804705036747,2.077396726962732,-1.6849468304362332,1.4599274232075459,3.966816562127803,1.547444719699552,,
R1_Ni_broad,broad,mlp,adaptive,22,1.5708504290622303,2.1308019646989442,-0.5528384221868702,0.9948825319053753,4.276536792793607,1.677014960344254,,
R1_Ni_broad,primary,mlp,seed_robustness,5,,,,,,,1.0,1.0
R1_Ni_broad,broad,ridge,data,22,1.7300339701090452,2.36613123003765,-1.7261749687194017,0.9545835862585363,5.156093443163683,,,
R1_Ni_broad,broad,ridge,soft,22,1.7300339701090452,2.36613123003765,-1.7261749687194017,0.9545835862585363,5.156093443163683,1.0,,
R1_Ni_broad,broad,ridge,residual,22,1.551577819808433,2.035588953270353,-1.551577819808433,1.001229288786078,4.384342465668677,1.1150159199379672,,
R1_Ni_broad,broad,ridge,adaptive,22,1.323865145302353,2.012970710690139,-1.2893599196105727,0.6949165052637909,4.681904842608483,1.3068052862090638,,
R1_Pb_broad,broad,physics,physics_only,38,3.7107981218238617,4.732528459010857,-3.7107981218238617,2.8707206227122697,9.091348600626427,,,
R1_Pb_broad,broad,hgb,data,38,1.8798012102187338,2.29611405110383,-0.526825769937312,1.669725999198704,4.682058189402482,,,
R1_Pb_broad,broad,hgb,soft,38,2.5161204484430217,3.2523472002254286,-2.4372091810692287,1.8077304413925503,6.324926705381733,0.7471030297384837,,
R1_Pb_broad,broad,hgb,residual,38,0.52074070157015,0.6679337321288622,-0.4943972745024834,0.4836920912067626,1.3292472073176436,3.609860348059431,,
R1_Pb_broad,broad,hgb,adaptive,38,1.9839326681093206,2.492390076288638,-1.8674370871548502,1.5724027271040768,4.8485910214033305,0.9475126048557769,,
R1_Pb_broad,broad,mlp,data,38,2.541029853936924,3.5262723623910306,-0.7632988083913448,1.50575460847665,7.343275071283153,,,
R1_Pb_broad,broad,mlp,soft,38,2.6718887580085195,3.85801383188238,-2.5317983964508635,1.164394371791559,8.356982466933799,0.9510238202547284,,
R1_Pb_broad,broad,mlp,residual,38,0.8291063567644654,1.0699295210104562,-0.8291063567644654,0.5966599186618851,2.452515467820069,3.0647815364160644,,
R1_Pb_broad,broad,mlp,adaptive,38,2.539472638201735,3.65155338582719,-2.2798491880406515,1.1090116268017027,8.098058911888597,1.00061320437628,,
R1_Pb_broad,primary,mlp,seed_robustness,5,,,,,,,0.6,1.0
R1_Pb_broad,broad,ridge,data,38,3.034350619896899,4.273275630669638,-3.020871925115449,2.2224023895869323,8.64551951357073,,,
R1_Pb_broad,broad,ridge,soft,38,3.034350619896899,4.273275630669638,-3.020871925115449,2.2224023895869323,8.64551951357073,1.0,,
R1_Pb_broad,broad,ridge,residual,38,3.0876291916129106,4.3104880939807995,-2.8798401887767113,2.1215883734053023,8.64077693371015,0.9827445044694049,,
R1_Pb_broad,broad,ridge,adaptive,38,3.21801999573745,4.3645185310403205,-3.21801999573745,2.2720643706985584,8.750197121453287,0.9429247251154943,,
R2_neutron_rich_broad,broad,physics,physics_only,519,3.7920217892681425,5.171684537026366,-2.5191989919240543,2.9825370154051143,11.28708456427705,,,
R2_neutron_rich_broad,broad,hgb,data,519,9.591693593740965,12.488570173728029,9.494245683718677,7.492841101962085,25.626895328420414,,,
R2_neutron_rich_broad,broad,hgb,soft,519,3.209789266389,4.078961149230719,2.286178878333037,2.6076232770553815,8.151636567653496,2.9882627168641456,,
R2_neutron_rich_broad,broad,hgb,residual,519,1.5207837031793379,2.5140386454820858,-0.6903198072352839,0.8499347204060541,5.864108491975458,6.3070728425670595,,
R2_neutron_rich_broad,broad,hgb,adaptive,519,4.73164281255731,6.345236249864321,4.485340152602336,3.540948878117888,13.434174057863604,2.027138136523231,,
R2_neutron_rich_broad,broad,mlp,data,519,10.090485760099,12.02756937034611,10.012758194587976,9.025439278477734,22.351868902212956,,,
R2_neutron_rich_broad,broad,mlp,soft,519,3.729562539659333,4.563501384298467,2.4935838826807566,3.2911119697153026,8.901556611235005,2.705541374571155,,
R2_neutron_rich_broad,broad,mlp,residual,519,1.1103272594083626,1.5891051445135818,0.6547086397948984,0.6905754279745224,3.4264378599969083,9.087848356957128,,
R2_neutron_rich_broad,broad,mlp,adaptive,519,4.433513867156459,5.515561050016946,3.6321074751467832,3.8349530950948747,11.019760820832408,2.275956738254385,,
R2_neutron_rich_broad,primary,mlp,seed_robustness,5,,,,,,,1.0,1.0
R2_neutron_rich_broad,broad,ridge,data,519,2.8203499193670742,3.5345149794898774,0.3757816136479059,2.313980924045609,7.139945506337902,,,
R2_neutron_rich_broad,broad,ridge,soft,519,2.8203499193670742,3.5345149794898774,0.3757816136479059,2.313980924045609,7.139945506337902,1.0,,
R2_neutron_rich_broad,broad,ridge,residual,519,2.6713419774338187,3.2570456516111714,0.0964803668182914,2.309600606180993,6.532970621706687,1.0557801820927464,,
R2_neutron_rich_broad,broad,ridge,adaptive,519,2.297329863002079,3.255760318024889,-0.6667583885096684,1.5767992412824583,7.938581952194267,1.2276643266550886,,
R3_proton_rich_broad,broad,physics,physics_only,519,2.511588306980254,3.2693529024084493,-1.7402075948519138,2.0813117163556853,6.693411636084963,,,
R3_proton_rich_broad,broad,hgb,data,519,13.049570796533281,16.630374676766394,13.024459795245482,10.19946575176175,33.12266068587909,,,
R3_proton_rich_broad,broad,hgb,soft,519,4.329390514983171,5.837600268413725,4.165659361187043,3.1722407784607185,12.6271976229391,3.0141819619577577,,
R3_proton_rich_broad,broad,hgb,residual,519,1.2405988236771135,1.8876962013266492,-0.9829939220338355,0.7688825208649632,4.231893170294279,10.518767668870247,,
R3_proton_rich_broad,broad,hgb,adaptive,519,5.336885012829196,7.493189036456375,5.2599805459584115,3.8295740181677047,16.27416836351938,2.445166190608148,,
R3_proton_rich_broad,broad,mlp,data,519,13.556586384108954,16.68619356332208,13.046251666409614,11.29563491512647,32.955995226876844,,,
R3_proton_rich_broad,broad,mlp,soft,519,4.405032471424595,5.440507222983538,4.1743761096527,3.911611266284126,10.15515883966913,3.0775224636936063,,
R3_proton_rich_broad,broad,mlp,residual,519,2.1713907029366886,3.782513053776448,1.4000066813848413,0.7800184296590942,9.751630059609143,6.2432736613334505,,
R3_proton_rich_broad,broad,mlp,adaptive,519,4.092166976429484,4.964928176441898,3.8708450588853096,3.8299559155084353,9.384131047734149,3.3128135929432205,,
R3_proton_rich_broad,primary,mlp,seed_robustness,5,,,,,,,1.0,1.0
R3_proton_rich_broad,broad,ridge,data,519,2.457295573284406,3.4209196695682302,1.5280266166140881,1.7650115241438016,7.573202129172931,,,
R3_proton_rich_broad,broad,ridge,soft,519,2.457295573284406,3.4209196695682302,1.5280266166140881,1.7650115241438016,7.573202129172931,1.0,,
R3_proton_rich_broad,broad,ridge,residual,519,2.49776972258105,3.840661271288573,0.8117369242224555,1.6324527015910917,7.775875749896848,0.9837958844121065,,
R3_proton_rich_broad,broad,ridge,adaptive,519,2.1187021493796734,2.6187166402873086,-0.04027601826381825,1.7953571194372273,5.190188543059151,1.1598117149236233,,
R4_magic_pm1_broad,broad,physics,physics_only,548,3.589617765214999,4.765317821764899,-2.7849435190685945,2.5808718131566906,10.297925420628102,,,
R4_magic_pm1_broad,broad,hgb,data,548,3.1054302411398975,4.236234027346364,-0.528011804343316,2.357445710602974,8.517200794903278,,,
R4_magic_pm1_broad,broad,hgb,soft,548,2.522473072741147,3.3082115238224334,-1.8821708331784825,1.911827368546028,6.848144996876951,1.2311054079024346,,
R4_magic_pm1_broad,broad,hgb,residual,548,1.2488091186016295,1.6234901535295534,-1.1122914745053334,1.0111156725824344,3.3291810275221443,2.4867132973990804,,
R4_magic_pm1_broad,broad,hgb,adaptive,548,2.378569940401321,3.084446414631903,-1.5335333484185845,1.936873736801033,6.49960408136933,1.3055871044161678,,
R4_magic_pm1_broad,broad,mlp,data,548,3.3586615783224243,4.075608936535178,-2.0735593848063103,3.020421536570268,7.550538560909024,,,
R4_magic_pm1_broad,broad,mlp,soft,548,3.199733207704763,4.015708034141544,-2.500389865363677,2.7093676932557855,8.094529653690339,1.0496692568727204,,
R4_magic_pm1_broad,broad,mlp,residual,548,1.5244443351031447,1.918734237765437,-1.2033789902879912,1.1905826621883193,3.7570889007921515,2.203203817274952,,
R4_magic_pm1_broad,broad,mlp,adaptive,548,3.102479184603702,3.874746209492917,-2.4031819053250185,2.63297681513086,7.794534368017537,1.0825734448082835,,
R4_magic_pm1_broad,primary,mlp,seed_robustness,5,,,,,,,1.0,1.0
R4_magic_pm1_broad,broad,ridge,data,548,3.1832010377656434,4.049190241091443,-2.809938852703017,2.559675411160697,8.372838135159359,,,
R4_magic_pm1_broad,broad,ridge,soft,548,3.1832010377656434,4.049190241091443,-2.809938852703017,2.559675411160697,8.372838135159359,1.0,,
R4_magic_pm1_broad,broad,ridge,residual,548,3.127718033795,3.9953010201217007,-2.7994407364865657,2.5604469999645687,8.42890688397373,1.0177391322910663,,
R4_magic_pm1_broad,broad,ridge,adaptive,548,3.1354245304474113,4.114021430216255,-2.75138671248516,2.4574355315234584,8.898817869299284,1.0152376518249075,,
R6_N50_broad,broad,physics,physics_only,21,3.733442959487228,5.016105551849674,-3.733442959487228,2.2105745656771205,9.081183514535041,,,
R6_N50_broad,broad,hgb,data,21,2.0064315824034846,2.398376688245621,-1.5106640610831836,1.9982284443195795,3.8064869897968947,,,
R6_N50_broad,broad,hgb,soft,21,2.844331400125606,3.310616770177143,-2.844331400125606,2.1262110250376054,6.055540913023151,0.705414137858507,,
R6_N50_broad,broad,hgb,residual,21,1.2279715969008511,1.4490207123286614,-1.2279715969008511,1.1937953386571962,2.1747367422161688,1.6339397323743539,,
R6_N50_broad,broad,hgb,adaptive,21,2.41794830921118,2.7675918636419934,-2.41794830921118,2.160879318611933,5.078137215143329,0.829807475519629,,
R6_N50_broad,broad,mlp,data,21,2.9345356802756335,3.2013659893505935,-2.9345356802756335,2.9911055875330703,4.6635455729078785,,,
R6_N50_broad,broad,mlp,soft,21,3.4138800478025955,3.841688709916906,-3.4138800478025955,3.0744466350387256,6.645152343734253,0.8595895694005123,,
R6_N50_broad,broad,mlp,residual,21,2.2285940382760363,2.3257223392433635,-2.2285940382760363,2.250764717981724,3.531419245713323,1.316765471806471,,
R6_N50_broad,broad,mlp,adaptive,21,3.3213766679073973,3.687440662052849,-3.3213766679073973,2.903296989289629,6.515479840114722,0.8835299255969394,,
R6_N50_broad,primary,mlp,seed_robustness,5,,,,,,,0.0,1.0
R6_N50_broad,broad,ridge,data,21,4.050574478946639,4.164548206534623,-4.050574478946639,3.7266291757260888,5.489195757178663,,,
R6_N50_broad,broad,ridge,soft,21,4.050574478946639,4.164548206534623,-4.050574478946639,3.7266291757260888,5.489195757178663,1.0,,
R6_N50_broad,broad,ridge,residual,21,3.988402105189022,4.138383044868928,-3.988402105189022,3.654065017094581,5.652451471297354,1.0155882912800414,,
R6_N50_broad,broad,ridge,adaptive,21,3.7690422052411403,4.097857073304526,-3.7690422052411403,3.150756959119917,6.355052980497021,1.0746959727099916,,
R6_N82_broad,broad,physics,physics_only,24,5.436949181914646,6.537798427019072,-5.436949181914646,3.781112602013536,12.079501309997545,,,
R6_N82_broad,broad,hgb,data,24,2.530697477087614,3.196487794898111,-2.041939011429965,2.232495394246712,5.342465027588183,,,
R6_N82_broad,broad,hgb,soft,24,4.078945113720768,4.87524006024206,-4.078945113720768,2.6960725116051663,9.384686797033794,0.6204294018507006,,
R6_N82_broad,broad,hgb,residual,24,1.0430841929509427,1.1081499831776278,-1.0430841929509427,0.9491963133490344,1.7158606346744358,2.426167987387606,,
R6_N82_broad,broad,hgb,adaptive,24,3.4095539013321265,3.9778704645609517,-3.4095539013321265,2.523569519388616,7.447491004232517,0.7422371226038867,,
R6_N82_broad,broad,mlp,data,24,3.933352453745935,4.404307554647061,-3.7816334810087064,3.432512842492997,7.057784266410328,,,
R6_N82_broad,broad,mlp,soft,24,4.774822901552265,5.342258910264105,-4.774822901552265,3.7215741222748875,8.987967756323666,0.8237692862843617,,
R6_N82_broad,broad,mlp,residual,24,1.2263672544169897,1.3381812786214728,-1.2263672544169897,1.08366749735967,2.37995169656815,3.2073201886133496,,
R6_N82_broad,broad,mlp,adaptive,24,4.505491313479685,4.948162025222737,-4.505491313479685,3.62240890667033,8.255167178635348,0.8730129923850912,,
R6_N82_broad,primary,mlp,seed_robustness,5,,,,,,,0.0,1.0
R6_N82_broad,broad,ridge,data,24,4.69030341905012,5.4753447611501915,-4.69030341905012,3.228233713851637,10.102374395206084,,,
R6_N82_broad,broad,ridge,soft,24,4.69030341905012,5.4753447611501915,-4.69030341905012,3.228233713851637,10.102374395206084,1.0,,
R6_N82_broad,broad,ridge,residual,24,4.775067773124903,5.44808469409568,-4.775067773124903,3.393368893625393,9.955102395630966,0.982248554763588,,
R6_N82_broad,broad,ridge,adaptive,24,4.922353699215535,5.721755343055665,-4.922353699215535,3.6554788862069927,10.510999169610704,0.9528578614327541,,
R6_N126_broad,broad,physics,physics_only,14,5.447378326874124,6.19772321009157,-5.447378326874124,5.0620901546154755,9.768505352047919,,,
R6_N126_broad,broad,hgb,data,14,2.910691451231823,3.2256887018415634,-2.892962896960512,3.2218577837260227,4.358412654512222,,,
R6_N126_broad,broad,hgb,soft,14,4.425612154908663,4.915068163364644,-4.425612154908663,4.581964171378104,7.263164163998056,0.6576923935829833,,
R6_N126_broad,broad,hgb,residual,14,0.5807949425679096,0.7725196075368105,-0.5807949425679096,0.4067755455786255,1.4973794880790137,5.011564732920327,,
R6_N126_broad,broad,hgb,adaptive,14,3.8142719639858536,4.161917910903221,-3.8142719639858536,4.07558625606589,5.702734361820694,0.7631053786186228,,
R6_N126_broad,broad,mlp,data,14,3.8573670676589376,4.248315249742179,-3.8573670676589376,3.0635226086913008,6.946268655531151,,,
R6_N126_broad,broad,mlp,soft,14,4.811373823188076,5.3930800228185305,-4.811373823188076,4.155880319108746,8.416004387777491,0.8017184299978168,,
R6_N126_broad,broad,mlp,residual,14,1.102531951815227,1.215552030087201,-1.102531951815227,0.8481305990891315,2.121054601667356,3.498644244557361,,
R6_N126_broad,broad,mlp,adaptive,14,4.545222448320438,5.0560104202341565,-4.545222448320438,3.840465267757395,7.977555083531319,0.8486640888355906,,
R6_N126_broad,primary,mlp,seed_robustness,5,,,,,,,0.0,1.0
R6_N126_broad,broad,ridge,data,14,4.649253754280347,5.547533350401486,-4.649253754280347,4.295477215257051,9.14820159520466,,,
R6_N126_broad,broad,ridge,soft,14,4.649253754280347,5.547533350401486,-4.649253754280347,4.295477215257051,9.14820159520466,1.0,,
R6_N126_broad,broad,ridge,residual,14,4.670112346140286,5.577823415835246,-4.670112346140286,4.206456661824063,9.180276720043354,0.9955335995552275,,
R6_N126_broad,broad,ridge,adaptive,14,4.909005651665552,5.7178770760091995,-4.909005651665552,4.533418871679942,9.278574369944101,0.9470866574991466,,
R4_magic_pm2_broad,broad,physics,physics_only,858,3.401723021868173,4.564351997579783,-2.5764855709203998,2.3868621624775983,9.765053230904902,,,
R4_magic_pm2_broad,broad,hgb,data,858,6.948305828464063,10.395786825339252,-1.8940979551959702,4.552417279512895,23.751474806994732,,,
R4_magic_pm2_broad,broad,hgb,soft,858,3.547428805656308,4.96051751573771,-2.3035305246306264,2.4868771323352235,10.969211971306695,1.9586878861064445,,
R4_magic_pm2_broad,broad,hgb,residual,858,1.457692143506961,2.0254239642957765,-1.2167957484204142,1.0283544673812912,4.317454291213471,4.766648334776377,,
R4_magic_pm2_broad,broad,hgb,adaptive,858,3.5986090143060476,5.1454638523371985,-2.054785592281677,2.4591039401426826,11.144989114537713,1.9308309963214962,,
R4_magic_pm2_broad,broad,mlp,data,858,3.7655797805106688,4.50993462177337,-2.215232002393085,3.4616056916323146,7.992715893936474,,,
R4_magic_pm2_broad,broad,mlp,soft,858,3.1561832076743905,3.9536813750728785,-2.4319841435094705,2.673528281237566,7.995884743256873,1.1930802278380117,,
R4_magic_pm2_broad,broad,mlp,residual,858,1.6665491904991854,2.1812072333360986,-1.3966768519422141,1.3329078659881475,4.237274685830314,2.2595071312493067,,
R4_magic_pm2_broad,broad,mlp,adaptive,858,3.062480872666596,3.8314114267857566,-2.33489558944545,2.5639093460569313,7.6840925632214505,1.2295847507553126,,
R4_magic_pm2_broad,primary,mlp,seed_robustness,5,,,,,,,1.0,1.0
R4_magic_pm2_broad,broad,ridge,data,858,3.0508412155881888,3.950369539754294,-2.6351575988757014,2.4605076472200267,8.339598736796518,,,
R4_magic_pm2_broad,broad,ridge,soft,858,3.0508412155881888,3.950369539754294,-2.6351575988757014,2.4605076472200267,8.339598736796518,1.0,,
R4_magic_pm2_broad,broad,ridge,residual,858,3.031846476978745,3.9118215489225836,-2.665326915510245,2.4498952214560745,8.309535882984516,1.0062650727052551,,
R4_magic_pm2_broad,broad,ridge,adaptive,858,2.9657489910663473,3.958037563003866,-2.5334650692745733,2.2576423779406696,8.527397404391342,1.028691647465164,,
