regime,coefficient,sigma_multiple,physics_mae,data_mae,soft_mae,residual_mae,G_soft,G_residual
R0_random,a_v,-2,6.668323373326038,1.881313670267039,1.881313670267039,1.8170076043609713,1.0,1.0353911925033927
R0_random,a_v,-1,3.7095151772525043,1.881313670267039,1.881313670267039,1.8170298958837627,1.0,1.0353784902102616
R0_random,a_v,1,3.961624381166189,1.881313670267039,1.881313670267039,1.8170744789294284,1.0,1.0353530865589278
R0_random,a_v,2,6.7289473219429965,1.881313670267039,1.881313670267039,1.81709677045233,1.0,1.0353403852006866
R0_random,a_s,-2,4.443364030124382,1.881313670267039,1.881313670267039,1.817349734667665,1.0,1.0351962720103904
R0_random,a_s,-1,3.0164751582066756,1.881313670267039,1.881313670267039,1.8172009610371285,1.0,1.035281023180463
R0_random,a_s,1,2.700984152530264,1.881313670267039,1.881313670267039,1.8169034137760727,1.0,1.0354505671587144
R0_random,a_s,2,4.1541617073903705,1.881313670267039,1.881313670267039,1.8167546401455303,1.0,1.035535359973726
R0_random,a_c,-2,3.2909952033818572,1.881313670267039,1.881313670267039,1.8168931560351707,1.0,1.0354564130630812
R0_random,a_c,-1,2.6096751059662027,1.881313670267039,1.881313670267039,1.8169726717209003,1.0,1.0354110986629204
R0_random,a_c,1,2.4143286478416726,1.881313670267039,1.881313670267039,1.8171317030923164,1.0,1.035320481760073
R0_random,a_c,2,3.0638322874876422,1.881313670267039,1.881313670267039,1.8172112187780247,1.0,1.035275179256333
R0_random,a_a,-2,2.392879010934578,1.881313670267039,1.881313670267039,1.8170926959524656,1.0,1.035342706763185
R0_random,a_a,-1,2.316145956690843,1.881313670267039,1.881313670267039,1.8170724416795263,1.0,1.035354247367339
R0_random,a_a,1,2.221527158025689,1.881313670267039,1.881313670267039,1.8170319331336726,1.0,1.0353773293474846
R0_random,a_a,2,2.2412378389646896,1.881313670267039,1.881313670267039,1.8170116788607362,1.0,1.0353888707235057
R0_random,a_p,-2,2.2590094249053134,1.881313670267039,1.881313670267039,1.8171347471907195,1.0,1.0353187473716738
R0_random,a_p,-1,2.255768939496756,1.881313670267039,1.881313670267039,1.8170934672986565,1.0,1.0353422672658958
R0_random,a_p,1,2.2504201865603943,1.881313670267039,1.881313670267039,1.81701090751454,1.0,1.0353893102603648
R0_random,a_p,2,2.2495694862351403,1.881313670267039,1.881313670267039,1.8169696276224816,1.0,1.0354128333607602
R1_Ca,a_v,-2,3.313705790943109,1.8109097823178277,1.8109097823178277,2.006087018516933,1.0,0.902707492547658
R1_Ca,a_v,-1,2.9646248038157346,1.8109097823178277,1.8109097823178277,2.0061264021972445,1.0,0.9026897708610971
R1_Ca,a_v,1,2.9732018227078596,1.8109097823178277,1.8109097823178277,2.0062051695568774,1.0,0.9026543295757803
R1_Ca,a_v,2,3.225203624189317,1.8109097823178277,1.8109097823178277,2.0062445532370994,1.0,0.9026366099765372
R1_Ca,a_s,-2,3.225138034827628,1.8109097823178277,1.8109097823178277,2.0048148531439582,1.0,0.9032803101383413
R1_Ca,a_s,-1,2.98606226112901,1.8109097823178277,1.8109097823178277,2.005490319510512,1.0,0.9029760775708077
R1_Ca,a_s,1,2.9237282000812987,1.8109097823178277,1.8109097823178277,2.006841252243538,1.0,0.9023682268307621
R1_Ca,a_s,2,3.2239050783663377,1.8109097823178277,1.8109097823178277,2.0075167186099843,1.0,0.9020646082448129
R1_Ca,a_c,-2,2.946461249516586,1.8109097823178277,1.8109097823178277,2.0062628479731366,1.0,0.9026283790019499
R1_Ca,a_c,-1,2.9179246921,1.8109097823178277,1.8109097823178277,2.0062143169249977,1.0,0.902650213908093
R1_Ca,a_c,1,2.863750563596311,1.8109097823178277,1.8109097823178277,2.0061172548289474,1.0,0.9026938868895955
R1_Ca,a_c,2,2.8527367085001294,1.8109097823178277,1.8109097823178277,2.006068723780988,1.0,0.90271572496513
R1_Ca,a_a,-2,2.801417325679522,1.8109097823178277,1.8109097823178277,2.0060876343345657,1.0,0.9027072154395289
R1_Ca,a_a,-1,2.8454027301814753,1.8109097823178277,1.8109097823178277,2.0061267101057663,1.0,0.9026896323125839
R1_Ca,a_a,1,2.933373539185383,1.8109097823178277,1.8109097823178277,2.006204861648224,1.0,0.902654468113516
R1_Ca,a_a,2,2.9773589436873396,1.8109097823178277,1.8109097823178277,2.006243937419383,1.0,0.9026368870413574
R1_Ca,a_p,-2,2.885443647744272,1.8109097823178277,1.8109097823178277,2.0058845718901592,1.0,0.9027985995282842
R1_Ca,a_p,-1,2.887415891213855,1.8109097823178277,1.8109097823178277,2.006025178883581,1.0,0.9027353202643541
R1_Ca,a_p,1,2.8913603781530064,1.8109097823178277,1.8109097823178277,2.0063063928703677,1.0,0.9026087883451384
R1_Ca,a_p,2,2.89333262162258,1.8109097823178277,1.8109097823178277,2.0064469998637207,1.0,0.9025455356861288
R1_Sn,a_v,-2,9.035530018274432,3.6545898027674184,3.6545898027674184,3.648387431500055,1.0,1.0017000308722184
R1_Sn,a_v,-1,6.464856068670347,3.6545898027674184,3.6545898027674184,3.64851398738708,1.0,1.0016652849355498
R1_Sn,a_v,1,3.7778471555874695,3.6545898027674184,3.6545898027674184,3.6487670991611836,1.0,1.0015958002930836
R1_Sn,a_v,2,4.140704733992024,3.6545898027674184,3.6545898027674184,3.6488936550482904,1.0,1.0015610615867765
R1_Sn,a_s,-2,3.847795247845081,3.6545898027674184,3.6545898027674184,3.6513330527988863,1.0,1.0008919345130776
R1_Sn,a_s,-1,3.866150529480766,3.6545898027674184,3.6545898027674184,3.6499867980366396,1.0,1.0012611017478898
R1_Sn,a_s,1,5.563722917934221,3.6545898027674184,3.6545898027674184,3.647294288511681,1.0,1.0020002537987454
R1_Sn,a_s,2,7.233263716802558,3.6545898027674184,3.6545898027674184,3.6459480337493204,1.0,1.0023702392184706
R1_Sn,a_c,-2,3.930018497167932,3.6545898027674184,3.6545898027674184,3.6475767306319895,1.0,1.0019226661022738
R1_Sn,a_c,-1,4.059017778161955,3.6545898027674184,3.6545898027674184,3.64810863695304,1.0,1.001776582459395
R1_Sn,a_c,1,4.6701195562198485,3.6545898027674184,3.6545898027674184,3.6491724495953015,1.0,1.0014845429332115
R1_Sn,a_c,2,5.334009730778501,3.6545898027674184,3.6545898027674184,3.649704355916384,1.0,1.0013385870127027
R1_Sn,a_a,-2,4.02578519590805,3.6545898027674184,3.6545898027674184,3.6486855599332735,1.0,1.0016181835176428
R1_Sn,a_a,-1,4.152715909374763,3.6545898027674184,3.6545898027674184,3.6486630516037444,1.0,1.0016243624253187
R1_Sn,a_a,1,4.43706668079453,3.6545898027674184,3.6545898027674184,3.648618034944583,1.0,1.0016367204694054
R1_Sn,a_a,2,4.590039856334883,3.6545898027674184,3.6545898027674184,3.648595526614983,1.0,1.0016428996058098
R1_Sn,a_p,-2,4.32101721265888,3.6545898027674184,3.6545898027674184,3.649190877427646,1.0,1.0014794855958804
R1_Sn,a_p,-1,4.302555358956528,3.6545898027674184,3.6545898027674184,3.648915710350945,1.0,1.0015550078069433
R1_Sn,a_p,1,4.272140330657372,3.6545898027674184,3.6545898027674184,3.6483653761973542,1.0,1.0017060864053458
R1_Sn,a_p,2,4.258334496482657,3.6545898027674184,3.6545898027674184,3.6480902091205643,1.0,1.0017816427978137
R2_neutron_rich,a_v,-2,7.687104209022894,2.833801196357184,2.833801196357184,2.708937036027817,1.0,1.0460934154868577
R2_neutron_rich,a_v,-1,4.882224384006063,2.833801196357184,2.833801196357184,2.708932950423552,1.0,1.046094993201699
R2_neutron_rich,a_v,1,3.9222979373394935,2.833801196357184,2.833801196357184,2.7089247792155833,1.0,1.046098148645442
R2_neutron_rich,a_v,2,5.527936707379335,2.833801196357184,2.833801196357184,2.7089206936115144,1.0,1.0460997263744845
R2_neutron_rich,a_s,-2,4.018258717131766,2.833801196357184,2.833801196357184,2.7091245404951705,1.0,1.0460210130610037
R2_neutron_rich,a_s,-1,3.408112665550369,2.833801196357184,2.833801196357184,2.7090267026574266,1.0,1.0460587906266703
R2_neutron_rich,a_s,1,4.230007165264948,2.833801196357184,2.833801196357184,2.708831026981722,1.0,1.0461343539448114
R2_neutron_rich,a_s,2,5.392792191854312,2.833801196357184,2.833801196357184,2.7087331891438504,1.0,1.046172139697843
R2_neutron_rich,a_c,-2,3.6878468043812793,2.833801196357184,2.833801196357184,2.7087657390652113,1.0,1.0461595683557052
R2_neutron_rich,a_c,-1,3.4150536530062627,2.833801196357184,2.833801196357184,2.7088473019424413,1.0,1.0461280686900076
R2_neutron_rich,a_c,1,3.6717810110383855,2.833801196357184,2.833801196357184,2.709010427696673,1.0,1.0460650750490519
R2_neutron_rich,a_c,2,4.030147812992831,2.833801196357184,2.833801196357184,2.7090919905739814,1.0,1.0460335810733323
R2_neutron_rich,a_a,-2,3.282138125360145,2.833801196357184,2.833801196357184,2.7086768135848645,1.0,1.0461939136277838
R2_neutron_rich,a_a,-1,3.3084269142905254,2.833801196357184,2.833801196357184,2.7088028392022805,1.0,1.0461452400100535
R2_neutron_rich,a_a,1,3.539930202360172,2.833801196357184,2.833801196357184,2.709054890436904,1.0,1.0460479063604953
R2_neutron_rich,a_a,2,3.702098195337325,2.833801196357184,2.833801196357184,2.709180916054262,1.0,1.0459992463273449
R2_neutron_rich,a_p,-2,3.3938755921626096,2.833801196357184,2.833801196357184,2.709262531534278,1.0,1.0459677360068824
R2_neutron_rich,a_p,-1,3.3962005617725586,2.833801196357184,2.833801196357184,2.7090956981769083,1.0,1.046032149497043
R2_neutron_rich,a_p,1,3.40180183705919,2.833801196357184,2.833801196357184,2.7087620314622285,1.0,1.0461610002808026
R2_neutron_rich,a_p,2,3.405988467327792,2.833801196357184,2.833801196357184,2.7085951981048404,1.0,1.046225437577364
R3_proton_rich,a_v,-2,8.993752141441622,2.169841408600493,2.169841408600493,2.0220934914503252,1.0,1.07306680812478
R3_proton_rich,a_v,-1,5.472903435771184,2.169841408600493,2.169841408600493,2.0232901545845983,1.0,1.072432149033999
R3_proton_rich,a_v,1,2.5609463396798797,2.169841408600493,2.169841408600493,2.0256834808562876,1.0,1.0711650803822854
R3_proton_rich,a_v,2,5.495334584950884,2.169841408600493,2.169841408600493,2.026880143990723,1.0,1.0705326681666996
R3_proton_rich,a_s,-2,3.043375526600563,2.169841408600493,2.169841408600493,2.0265415049505675,1.0,1.0707115562646328
R3_proton_rich,a_s,-1,1.8158565473655432,2.169841408600493,2.169841408600493,2.0255078042801715,1.0,1.0712579847953807
R3_proton_rich,a_s,1,4.159545294789395,2.169841408600493,2.169841408600493,2.0234658311605846,1.0,1.07233904086038
R3_proton_rich,a_s,2,6.302500914498206,2.169841408600493,2.169841408600493,2.022475769493267,1.0,1.0728639825159183
R3_proton_rich,a_c,-2,2.1713446751815813,2.169841408600493,2.169841408600493,2.0235687086505507,1.0,1.072284523537373
R3_proton_rich,a_c,-1,1.780386635128331,2.169841408600493,2.169841408600493,2.0240141078286515,1.0,1.072048559448177
R3_proton_rich,a_c,1,3.451796350245723,2.169841408600493,2.169841408600493,2.024975573461294,1.0,1.071539546964302
R3_proton_rich,a_c,2,4.717066399828856,2.169841408600493,2.169841408600493,2.025483518099627,1.0,1.0712708295134916
R3_proton_rich,a_a,-2,2.288117608903046,2.169841408600493,2.169841408600493,2.0254242991772653,1.0,1.0713021511008287
R3_proton_rich,a_a,-1,2.326168002699953,2.169841408600493,2.169841408600493,2.0249555584494483,1.0,1.071550138246978
R3_proton_rich,a_a,1,2.4359520157528975,2.169841408600493,2.169841408600493,2.024018076990955,1.0,1.0720464571276602
R3_proton_rich,a_a,2,2.5093396763151046,2.169841408600493,2.169841408600493,2.0235493362651686,1.0,1.0722947890192454
R3_proton_rich,a_p,-2,2.3795955443313406,2.169841408600493,2.169841408600493,2.023404470918715,1.0,1.072371559807461
R3_proton_rich,a_p,-1,2.3758465228834336,2.169841408600493,2.169841408600493,2.023945644318837,1.0,1.0720848233702234
R3_proton_rich,a_p,1,2.3744899726078557,2.169841408600493,2.169841408600493,2.0250279911207287,1.0,1.0715118102637282
R3_proton_rich,a_p,2,2.376644972423349,2.169841408600493,2.169841408600493,2.0255704535022683,1.0,1.071224851670193
R4_magic_pm1,a_v,-2,8.193745060070833,3.1855237935711194,3.1855237935711194,3.1026504221119064,1.0,1.0267105088180715
R4_magic_pm1,a_v,-1,5.718227758471612,3.1855237935711194,3.1855237935711194,3.102525150344519,1.0,1.0267519646754142
R4_magic_pm1,a_v,1,2.6702535032919292,3.1855237935711194,3.1855237935711194,3.1022746068099023,1.0,1.0268348864341261
R4_magic_pm1,a_v,2,3.6340523322049716,3.1855237935711194,3.1855237935711194,3.102149335042517,1.0,1.0268763523363582
R4_magic_pm1,a_s,-2,2.8272122873750103,3.1855237935711194,3.1855237935711194,3.101767412126068,1.0,1.027002792381406
R4_magic_pm1,a_s,-1,2.7226413311362103,3.1855237935711194,3.1855237935711194,3.102083645351657,1.0,1.0268980974592654
R4_magic_pm1,a_s,1,4.830967060093641,3.1855237935711194,3.1855237935711194,3.1027175779943534,1.0,1.0266882864763647
R4_magic_pm1,a_s,2,6.397543840890419,3.1855237935711194,3.1855237935711194,3.1030482048640264,1.0,1.0265788938044251
R4_magic_pm1,a_c,-2,2.756702224597641,3.1855237935711194,3.1855237935711194,3.1024195785549327,1.0,1.026786903870332
R4_magic_pm1,a_c,-1,2.988992258557844,3.1855237935711194,3.1855237935711194,3.102409728566101,1.0,1.026790163865117
R4_magic_pm1,a_c,1,4.162238341725346,3.1855237935711194,3.1855237935711194,3.1023900285883683,1.0,1.0267966839168117
R4_magic_pm1,a_c,2,4.875343062735638,3.1855237935711194,3.1855237935711194,3.1023801785995264,1.0,1.0267999439737026
R4_magic_pm1,a_a,-2,3.1721712518471556,3.1855237935711194,3.1855237935711194,3.1024475465412014,1.0,1.0267776475778088
R4_magic_pm1,a_a,-1,3.3294006861787486,3.1855237935711194,3.1855237935711194,3.102423712559221,1.0,1.0267855356686106
R4_magic_pm1,a_a,1,3.658864537271812,3.1855237935711194,3.1855237935711194,3.1023760445952506,1.0,1.0268013122138184
R4_magic_pm1,a_a,2,3.8279605889574206,3.1855237935711194,3.1855237935711194,3.102352210613244,1.0,1.0268092006682359
R4_magic_pm1,a_p,-2,3.478803125878345,3.1855237935711194,3.1855237935711194,3.1025560800787773,1.0,1.026741728868358
R4_magic_pm1,a_p,-1,3.4852041874515707,3.1855237935711194,3.1855237935711194,3.102477979327995,1.0,1.026767575723813
R4_magic_pm1,a_p,1,3.499162250699039,3.1855237935711194,3.1855237935711194,3.102321777826467,1.0,1.0268192733388684
R4_magic_pm1,a_p,2,3.5067192570463126,3.1855237935711194,3.1855237935711194,3.102243677075706,1.0,1.0268451240986707
