regime,family,mechanism,observable,n,mae,rmse,bias,median_ae,p95_ae,G_vs_data_MAE
R0_random,physics,physics_only,B/A,468,0.022005624163641508,0.03573019972536618,-0.0003579577760478712,0.012736550774022248,0.06917302889241286,
R0_random,BWN,physics_only_shell_aware,B/A,468,0.007516218224449505,0.013974515625711737,-0.0010487398647586995,0.004371541186733552,0.026451233479483673,
R0_random,ridge,data,B/A,468,0.018163241694356163,0.03064681019026368,-0.00046901509364496215,0.011489059697044723,0.05241649342396264,
R0_random,ridge,soft,B/A,468,0.018163241694356163,0.03064681019026368,-0.00046901509364496215,0.011489059697044723,0.05241649342396264,1.0
R0_random,ridge,residual,B/A,468,0.016974059954637268,0.025673821212357,-0.001383077854901266,0.01074647539920548,0.04863236354831048,1.0700587686680119
R0_random,ridge,adaptive,B/A,468,0.017506666119070834,0.028301849961370844,-0.00018572692305574676,0.010817946134237921,0.05526856080226716,1.0375043181162913
R0_random,hgb,data,B/A,468,0.02995087498366499,0.10077155949291357,0.006297278964501724,0.012779209478011921,0.08756869892103691,
R0_random,hgb,soft,B/A,468,0.017704804235289386,0.039137576604137365,0.0023041369201719014,0.008689709602910156,0.06321337004019252,1.691680663939035
R0_random,hgb,residual,B/A,468,0.004626240730381568,0.015294487484430363,-0.0011176058809716657,0.0016858322379653679,0.013121540209992207,6.474128072707248
R0_random,hgb,adaptive,B/A,468,0.017733098561884493,0.04386660213249056,0.004389523097190907,0.008417966470236404,0.05163309634030004,1.6889814760315705
R0_random,mlp,data,B/A,468,0.024136104314028177,0.04865866431375758,0.0027921105429948288,0.013080116791638563,0.07828459391029198,
R0_random,mlp,soft,B/A,468,0.018816404135130086,0.03158210096781699,0.0009020695515692145,0.010586287973593844,0.06248105811706922,1.2827160886157973
R0_random,mlp,residual,B/A,468,0.007401597350161031,0.01855340415990076,-0.001294651409053241,0.001361293861638302,0.04008121097273008,3.2609318194677352
R0_random,mlp,adaptive,B/A,468,0.01861433024809025,0.03125193002373854,0.0015228800382444318,0.010382012927084183,0.05934840173391693,1.2966410283015386
R0_random_broad,physics,physics_only,B/A,492,0.024781329737854265,0.05438113567587372,-3.8809128944640954e-07,0.013734228360991807,0.07355178414565937,
R0_random_broad,BWN,physics_only_shell_aware,B/A,0,,,,,,
R0_random_broad,ridge,data,B/A,492,0.019556316531601614,0.0351043262975266,0.0014828332052896588,0.011608646186323401,0.057413602904874336,
R0_random_broad,ridge,soft,B/A,492,0.019556316531601614,0.0351043262975266,0.0014828332052896588,0.011608646186323401,0.057413602904874336,1.0
R0_random_broad,ridge,residual,B/A,492,0.017900345986112433,0.029273963231373004,0.00022413385096417345,0.011253290440524477,0.05296344355793172,1.0925105328564
R0_random_broad,ridge,adaptive,B/A,492,0.019435430945979555,0.035323043822017154,0.0015851340224326386,0.012426827889332692,0.05475122124022675,1.0062198561975837
R0_random_broad,hgb,data,B/A,492,0.03476604721864108,0.1064674685183322,0.0032056058544626996,0.013772688016214563,0.10961061438165506,
R0_random_broad,hgb,soft,B/A,492,0.0186019810370254,0.04157985482257471,0.0012820094870114637,0.009304157112197231,0.05407361792864482,1.8689432673564557
R0_random_broad,hgb,residual,B/A,492,0.005803502900247268,0.025720115092940816,-0.00100768330641938,0.0014569972454432367,0.014475470248565561,5.990528102804913
R0_random_broad,hgb,adaptive,B/A,492,0.019559875518623555,0.050821878136669135,0.0032280532422291454,0.008934748027433326,0.055154841775530664,1.777416588645427
R0_random_broad,mlp,data,B/A,492,0.024568881493972038,0.04936209249779928,0.004285226444497398,0.011673241093808961,0.0978544531254764,
R0_random_broad,mlp,soft,B/A,492,0.019921631202489458,0.04021286183805944,0.0017138577230252586,0.01124045546823993,0.056986862950530875,1.2332765948855557
R0_random_broad,mlp,residual,B/A,492,0.008422608689861848,0.024317285248647777,-0.001191847549053119,0.001494747555114806,0.0453930137107761,2.917015665650618
R0_random_broad,mlp,adaptive,B/A,492,0.01909754021172056,0.03598151745209664,0.002957477411577993,0.010629562460720887,0.05680966243357106,1.286494554879565
R1_Ca,physics,physics_only,B/A,19,0.06142547590997064,0.07271229518077965,0.0021080671093458804,0.061854676673918974,0.11388189613772359,
R1_Ca,BWN,physics_only_shell_aware,B/A,19,0.026423075560981453,0.03188054373747173,-0.0001983158726708056,0.026393267787788943,0.060413829705120346,
R1_Ca,ridge,data,B/A,19,0.03899791542758163,0.04483645970636368,-0.007294908252229314,0.04004605891572055,0.06796034385625216,
R1_Ca,ridge,soft,B/A,19,0.03899791542758163,0.04483645970636368,-0.007294908252229314,0.04004605891572055,0.06796034385625216,1.0
R1_Ca,ridge,residual,B/A,19,0.04263645360981314,0.04949259999196966,-0.014890698080078058,0.034130425959258304,0.07901031825914533,0.9146613314622849
R1_Ca,ridge,adaptive,B/A,19,0.04333618030632014,0.05056033617201522,-0.004092548577217835,0.0471937012405963,0.07612913572001147,0.8998927720885033
R1_Ca,hgb,data,B/A,19,0.06668195585127863,0.0777127238492052,-0.038153282129731084,0.0725106798149806,0.11632381332407064,
R1_Ca,hgb,soft,B/A,19,0.04408507856464015,0.05328074551216371,-0.013996472586284961,0.04257902555837312,0.08872572986711177,1.5125742773375261
R1_Ca,hgb,residual,B/A,19,0.01190914068520354,0.015405368046068624,-0.01125392811808466,0.01167432231967247,0.028047433185194492,5.5992247983204475
R1_Ca,hgb,adaptive,B/A,19,0.04261442533327489,0.05269199888568793,-0.018013985903800024,0.040284568898171,0.08980051139303656,1.5647742596498406
R1_Ca,mlp,data,B/A,19,0.05087830575864832,0.05826191436444026,-0.024385356342946293,0.048786514710684514,0.09801632494242618,
R1_Ca,mlp,soft,B/A,19,0.05146661763985368,0.059518924688048765,-0.008489302271571157,0.05243212745384973,0.08881444879199288,0.9885690587766585
R1_Ca,mlp,residual,B/A,19,0.04125333106912002,0.04811853425841563,-0.0060710558841980955,0.04261660431864378,0.07155438750135373,1.233313878905964
R1_Ca,mlp,adaptive,B/A,19,0.04973089428521074,0.057347086341408636,-0.007617344653633302,0.05070611204419784,0.0849236629154225,1.0230724078046352
R1_Ca_broad,physics,physics_only,B/A,21,0.0692977705218188,0.07813627421505666,0.012275621815192293,0.0757233951951708,0.12412737501819393,
R1_Ca_broad,BWN,physics_only_shell_aware,B/A,0,,,,,,
R1_Ca_broad,ridge,data,B/A,21,0.039518071399229845,0.045796780432162926,-0.011036134313508921,0.03998188889143783,0.07066254913831038,
R1_Ca_broad,ridge,soft,B/A,21,0.039518071399229845,0.045796780432162926,-0.011036134313508921,0.03998188889143783,0.07066254913831038,1.0
R1_Ca_broad,ridge,residual,B/A,21,0.042665803206002426,0.05005899657269116,-0.017871804193450108,0.04317371712230589,0.08239023671539769,0.9262235427380928
R1_Ca_broad,ridge,adaptive,B/A,21,0.04350614121373953,0.050886869128369885,-0.005361104572259488,0.047758395416735766,0.07847529973774137,0.9083331754265022
R1_Ca_broad,hgb,data,B/A,21,0.057247440957234594,0.0680078428171937,-0.03608065636503956,0.058826990662371514,0.12023435890801615,
R1_Ca_broad,hgb,soft,B/A,21,0.04325863646671117,0.04957995911203184,-0.0070668894569007835,0.03611311186076449,0.09038649832918821,1.3233759922434964
R1_Ca_broad,hgb,residual,B/A,21,0.01156037617471515,0.01406230470183003,-0.00851919970221288,0.010827331439255516,0.022895863898440894,4.952039630202188
R1_Ca_broad,hgb,adaptive,B/A,21,0.03549040453694273,0.04566079083254254,-0.012877252380305106,0.02569443640739344,0.10038875757321364,1.6130399668351059
R1_Ca_broad,mlp,data,B/A,21,0.06286371763912585,0.07094437105154937,-0.035924282567876484,0.0588016262534552,0.11301142678648546,
R1_Ca_broad,mlp,soft,B/A,21,0.05363426754421602,0.06353871883688766,-0.00700433993803516,0.054362638966974686,0.09875262952854413,1.1720812181745763
R1_Ca_broad,mlp,residual,B/A,21,0.04568274046815774,0.052582235669014696,-0.01346444148253168,0.044398504707332975,0.08291832103696706,1.3760933997150142
R1_Ca_broad,mlp,adaptive,B/A,21,0.05280999166550566,0.062193344243601636,-0.011740430541108097,0.05890468874206434,0.09976023341550366,1.1903754508673225
R1_Ni,physics,physics_only,B/A,22,0.029118297406966465,0.035312464889509856,-0.011389662750947448,0.02712928017089311,0.06248957997554463,
R1_Ni,BWN,physics_only_shell_aware,B/A,0,,,,,,
R1_Ni,ridge,data,B/A,22,0.0289549048590635,0.041031490150596386,-0.0288770661487852,0.016406887905216827,0.09189384390108292,
R1_Ni,ridge,soft,B/A,22,0.0289549048590635,0.041031490150596386,-0.0288770661487852,0.016406887905216827,0.09189384390108292,1.0
R1_Ni,ridge,residual,B/A,22,0.026688688995766183,0.035432841297092406,-0.026688688995766183,0.01653853343867251,0.07538605134541666,1.0849129705717964
R1_Ni,ridge,adaptive,B/A,22,0.02391464576613288,0.03633885381342926,-0.02385212705048214,0.012186099399304595,0.08195406637498683,1.2107603492111292
R1_Ni,hgb,data,B/A,22,0.0391523601965246,0.046776987363320616,-0.026084909502962637,0.035712218953693586,0.08391309503658481,
R1_Ni,hgb,soft,B/A,22,0.018527236336120915,0.023832714391152,-0.01726776145175341,0.013119697181241285,0.049270246618196005,2.1132326206792484
R1_Ni,hgb,residual,B/A,22,0.011541230760303556,0.0125151355687371,-0.01092451090760777,0.010761653877939814,0.018626933418432044,3.392390379299098
R1_Ni,hgb,adaptive,B/A,22,0.023722477717961835,0.026553407694507963,-0.020096790711567246,0.022982429039279495,0.046215894073747946,1.6504330054393852
R1_Ni,mlp,data,B/A,22,0.04417367445125109,0.0670173012581835,-0.009880540727147391,0.020262242262116814,0.11648214062089553,
R1_Ni,mlp,soft,B/A,22,0.025355646451017236,0.03659950672469465,-0.010786013941427329,0.018519048699108254,0.07736308445999932,1.742163211519259
R1_Ni,mlp,residual,B/A,22,0.028948543569986593,0.03558380474393716,-0.028107457551462177,0.023717110240165873,0.06679793595410838,1.5259377158113638
R1_Ni,mlp,adaptive,B/A,22,0.02519825691086528,0.037717068383976024,-0.01080123793333897,0.016288179137863956,0.07834014913933326,1.7530448478046814
R1_Ni_broad,physics,physics_only,B/A,22,0.026200552993973503,0.03041808643886062,-0.0002817220094323987,0.024144094826289653,0.04845766510690277,
R1_Ni_broad,BWN,physics_only_shell_aware,B/A,0,,,,,,
R1_Ni_broad,ridge,data,B/A,22,0.029390738072939904,0.04120024444451972,-0.029316526507754483,0.015085809906879355,0.09213992398112242,
R1_Ni_broad,ridge,soft,B/A,22,0.029390738072939904,0.04120024444451972,-0.029316526507754483,0.015085809906879355,0.09213992398112242,1.0
R1_Ni_broad,ridge,residual,B/A,22,0.026157396711266854,0.03538897830844503,-0.026157396711266854,0.015646710053012214,0.0770259706801477,1.1236109769394729
R1_Ni_broad,ridge,adaptive,B/A,22,0.0227774823138418,0.03534918407830204,-0.022273076039681265,0.011108851613902182,0.08225809287021411,1.2903418239108564
R1_Ni_broad,hgb,data,B/A,22,0.04736233057084069,0.054741902081263595,-0.033497131675914525,0.04203585874324389,0.10289770574540567,
R1_Ni_broad,hgb,soft,B/A,22,0.020914546914579,0.028625698189254336,-0.013567885876024926,0.01687320121511604,0.04640852189184583,2.264564026382308
R1_Ni_broad,hgb,residual,B/A,22,0.010518819108871242,0.011684760419439425,-0.010441179713538902,0.011076055993556544,0.020174682877304926,4.50262810688481
R1_Ni_broad,hgb,adaptive,B/A,22,0.025888467100192193,0.0325226113928203,-0.018019891394297393,0.020888773677612882,0.05402479772220747,1.829476051538373
R1_Ni_broad,mlp,data,B/A,22,0.04559442776288365,0.06521432965164634,-0.017916646603930723,0.02472075654516548,0.1192708486657641,
R1_Ni_broad,mlp,soft,B/A,22,0.02608048402367488,0.03496305822793392,-0.007335691847231777,0.01641828319743599,0.07185067583662502,1.748220152720124
R1_Ni_broad,mlp,residual,B/A,22,0.02888217232956134,0.0360655483120024,-0.028643355342336155,0.022547002993463572,0.06970287267280595,1.5786356802606938
R1_Ni_broad,mlp,adaptive,B/A,22,0.026916896567362757,0.03780440127275451,-0.009149631600492486,0.01433857523983928,0.08058287322662139,1.6938961610517815
R1_Pb,physics,physics_only,B/A,38,0.01880717198026814,0.02327009994629099,-0.01880717198026814,0.01530253576346663,0.04377533224703906,
R1_Pb,BWN,physics_only_shell_aware,B/A,0,,,,,,
R1_Pb,ridge,data,B/A,38,0.01499442217754131,0.020632072356173578,-0.01499442217754131,0.010961093008697631,0.0414248292454856,
R1_Pb,ridge,soft,B/A,38,0.01499442217754131,0.020632072356173578,-0.01499442217754131,0.010961093008697631,0.0414248292454856,1.0
R1_Pb,ridge,residual,B/A,38,0.014755722893950177,0.02084356118206464,-0.014249540106369456,0.010298130773400693,0.04162581961501272,1.016176725824053
R1_Pb,ridge,adaptive,B/A,38,0.01608335072567143,0.021180505724657187,-0.01608335072567143,0.011063045251945347,0.04187360767926184,0.9322946712595139
R1_Pb,hgb,data,B/A,38,0.01004281755051912,0.012818580903597653,-0.001179578666658094,0.008350776014744987,0.024466834335931862,
R1_Pb,hgb,soft,B/A,38,0.012051135585657683,0.01576101956637973,-0.01175613465482393,0.008147513367315451,0.031179297982348152,0.8333503078723382
R1_Pb,hgb,residual,B/A,38,0.0025384292373433525,0.003127895336616928,-0.0025384292373433525,0.0021722613148984493,0.005634174715295389,3.9563118021086328
R1_Pb,hgb,adaptive,B/A,38,0.009563871888356753,0.012004400442322349,-0.008816324612156317,0.00802394881448576,0.023288542660263412,1.0500786363256753
R1_Pb,mlp,data,B/A,38,0.017650968599662652,0.024190313417624145,-0.0007425717664540979,0.01051188399432812,0.045423089481934555,
R1_Pb,mlp,soft,B/A,38,0.01420365776088022,0.018875229143402297,-0.011581331894742442,0.009317929305201034,0.03887552657458144,1.2427058506208895
R1_Pb,mlp,residual,B/A,38,0.003382568984185693,0.004319511129149125,-0.003382568984185693,0.002573129488072645,0.009281817511384726,5.218213932128241
R1_Pb,mlp,adaptive,B/A,38,0.013594962508761278,0.017770601294107295,-0.009830367573132147,0.010283218862716215,0.03657209512004033,1.2983462505532826
R1_Pb_broad,physics,physics_only,B/A,38,0.018435839173821418,0.023176740108771136,-0.018435839173821418,0.015264085020707086,0.04409737832170894,
R1_Pb_broad,BWN,physics_only_shell_aware,B/A,0,,,,,,
R1_Pb_broad,ridge,data,B/A,38,0.014812589866622636,0.020708906448573823,-0.014739664688346643,0.011307439804558062,0.04143132125557795,
R1_Pb_broad,ridge,soft,B/A,38,0.014812589866622636,0.020708906448573823,-0.014739664688346643,0.011307439804558062,0.04143132125557795,1.0
R1_Pb_broad,ridge,residual,B/A,38,0.015073056306636334,0.02086719987020362,-0.013935165715433172,0.010794891995599354,0.041408337629807286,0.9827197328322179
R1_Pb_broad,ridge,adaptive,B/A,38,0.015801051553663504,0.021191604088677655,-0.015801051553663504,0.01105333883381876,0.04193325330381893,0.9374432971322284
R1_Pb_broad,hgb,data,B/A,38,0.009693107647761674,0.012047388141676161,-0.0023117878433644287,0.008301665877518793,0.026232324217460596,
R1_Pb_broad,hgb,soft,B/A,38,0.012422555966205848,0.01585385306436627,-0.011986218641638752,0.00929321322061849,0.030829526109012437,0.780282872070021
R1_Pb_broad,hgb,residual,B/A,38,0.0025853651209105364,0.0032593940393262906,-0.0024484970205673165,0.002367646262330325,0.006226405662108944,3.749221945234517
R1_Pb_broad,hgb,adaptive,B/A,38,0.009843480976315079,0.012210785784295547,-0.009199183913299692,0.007923470771799224,0.023363981169619706,0.9847235618258189
R1_Pb_broad,mlp,data,B/A,38,0.01288871395998145,0.017893894972771572,-0.003205598349551282,0.007673631561395222,0.037644230770840136,
R1_Pb_broad,mlp,soft,B/A,38,0.013111552376126349,0.01870881474628557,-0.012343742844113348,0.0060137563740103595,0.040040085745696744,0.9830044216159601
R1_Pb_broad,mlp,residual,B/A,38,0.004090007304908921,0.00518719080736437,-0.004090007304908921,0.003043085587375316,0.011746921134217955,3.1512691785445273
R1_Pb_broad,mlp,adaptive,B/A,38,0.01248766281443337,0.017711931667814023,-0.011079750448372113,0.005759847357056369,0.03877747842787733,1.0321157891198456
R1_Sn,physics,physics_only,B/A,32,0.03431043123181843,0.04766009740808369,-0.030925966494803614,0.02124073754670519,0.09439804902637387,
R1_Sn,BWN,physics_only_shell_aware,B/A,32,0.006202243040657862,0.007172401283409596,0.002722688470558343,0.006491528839567273,0.011716856501525362,
R1_Sn,ridge,data,B/A,32,0.029332634223370013,0.037071855373075696,-0.029332634223370013,0.0195804062404763,0.07327849309818327,
R1_Sn,ridge,soft,B/A,32,0.029332634223370013,0.037071855373075696,-0.029332634223370013,0.0195804062404763,0.07327849309818327,1.0
R1_Sn,ridge,residual,B/A,32,0.029424875955884833,0.03650163424975612,-0.029424875955884833,0.021403480618420012,0.0712095925077687,0.9968651785430426
R1_Sn,ridge,adaptive,B/A,32,0.0295560318128692,0.039285797141561024,-0.0295560318128692,0.0203167533173243,0.07840921291442937,0.9924415567382793
R1_Sn,hgb,data,B/A,32,0.015494728056991647,0.018712719181813733,-0.013136224142894448,0.011688796351826625,0.03482407931102456,
R1_Sn,hgb,soft,B/A,32,0.024157370285908086,0.03272529177846516,-0.023810069554039914,0.017178409327041066,0.06891674772567731,0.6414078963731541
R1_Sn,hgb,residual,B/A,32,0.008433742446857517,0.009073250534161548,-0.008433742446857517,0.007843857532732201,0.016541257280766608,1.837230405674187
R1_Sn,hgb,adaptive,B/A,32,0.018197146179586343,0.022535781528393244,-0.01789971168202531,0.015135358047610126,0.046515551653160785,0.8514922012537173
R1_Sn,mlp,data,B/A,32,0.021437494625445475,0.026037369270506018,-0.01931405859824692,0.018520246960090248,0.049343513838447706,
R1_Sn,mlp,soft,B/A,32,0.028109797712781825,0.037138041819355753,-0.02628120333618128,0.022380728176477405,0.0734932837662277,0.7626342545929321
R1_Sn,mlp,residual,B/A,32,0.00795782636528164,0.008793262282026868,-0.00795782636528164,0.006785718691448395,0.013785827484453428,2.6938882103501096
R1_Sn,mlp,adaptive,B/A,32,0.02664162366732159,0.03471031962465098,-0.02489734199416216,0.022404601703231997,0.0668482266997719,0.8046617163105018
R1_Sn_broad,physics,physics_only,B/A,35,0.04039174072585736,0.055895382422822215,-0.037948978519720455,0.02596677459867891,0.10696378129504873,
R1_Sn_broad,BWN,physics_only_shell_aware,B/A,0,,,,,,
R1_Sn_broad,ridge,data,B/A,35,0.03218696042372454,0.03986271237431768,-0.03218696042372454,0.024921189604343752,0.07442299491085932,
R1_Sn_broad,ridge,soft,B/A,35,0.03218696042372454,0.03986271237431768,-0.03218696042372454,0.024921189604343752,0.07442299491085932,1.0
R1_Sn_broad,ridge,residual,B/A,35,0.03282556891741051,0.04040850950670339,-0.03282556891741051,0.02460463621842912,0.0740895624755078,0.9805453944974202
R1_Sn_broad,ridge,adaptive,B/A,35,0.033292994652773036,0.04312001711624663,-0.033292994652773036,0.024458289941698297,0.0814647653646844,0.966778770111136
R1_Sn_broad,hgb,data,B/A,35,0.0198852678138535,0.023672451508484096,-0.016473465350236742,0.01992147011160128,0.04336428237311941,
R1_Sn_broad,hgb,soft,B/A,35,0.030209949467738997,0.03917238956842072,-0.029358773251926807,0.022653117331538297,0.0753548594692745,0.6582357191655962
R1_Sn_broad,hgb,residual,B/A,35,0.009822020629095311,0.012873038554455787,-0.009822020629095311,0.007478267254995785,0.02155739420328131,2.0245597687860992
R1_Sn_broad,hgb,adaptive,B/A,35,0.02503217614904984,0.03138234877465035,-0.024154729722947212,0.021927184779585218,0.06592943745638404,0.7943882983025546
R1_Sn_broad,mlp,data,B/A,35,0.027870886448955395,0.03190863557238789,-0.02599730755377416,0.028603472839739297,0.05375295206974986,
R1_Sn_broad,mlp,soft,B/A,35,0.033679063806097635,0.04259690659548251,-0.03316831013334211,0.02922104551682203,0.07588997215409367,0.8275433845019569
R1_Sn_broad,mlp,residual,B/A,35,0.011030147651770506,0.013273925902752975,-0.011030147651770506,0.008419994413236154,0.025846036561530963,2.5267917827447843
R1_Sn_broad,mlp,adaptive,B/A,35,0.0315141788761627,0.03854901236914518,-0.031041653962673825,0.029457498972446317,0.06691795437548294,0.8843919607893357
R2_neutron_rich,physics,physics_only,B/A,491,0.03109906765697422,0.05209266006411675,-0.0244424132090105,0.01588165411491893,0.11389917713375786,
R2_neutron_rich,BWN,physics_only_shell_aware,B/A,491,0.008105759624996012,0.012487608967918935,-0.0005508993930724311,0.005532385682229801,0.022611110775564214,
R2_neutron_rich,ridge,data,B/A,491,0.025053435159294864,0.04019729583425898,0.011833881130380633,0.016917346623222862,0.06323644372928872,
R2_neutron_rich,ridge,soft,B/A,491,0.025053435159294864,0.04019729583425898,0.011833881130380633,0.016917346623222862,0.06323644372928872,1.0
R2_neutron_rich,ridge,residual,B/A,491,0.022126008133384827,0.02871286465107446,0.005350978417986906,0.017813232279557667,0.053593057886001993,1.1323070572993683
R2_neutron_rich,ridge,adaptive,B/A,491,0.019090042797417012,0.02784396219079336,-0.001172872109506462,0.012104888151288407,0.05485796163953616,1.3123823463970825
R2_neutron_rich,hgb,data,B/A,491,0.08170488606195005,0.12990575898598705,0.08060541283747163,0.04655961906887107,0.2680731219512804,
R2_neutron_rich,hgb,soft,B/A,491,0.025228587034727832,0.036293622326263535,0.017576717209582447,0.01758750332868786,0.0754218569949332,3.238583514387114
R2_neutron_rich,hgb,residual,B/A,491,0.012644092065256421,0.02592658367788563,-0.005266312345807992,0.00510524736183271,0.05342005680533912,6.461902178524914
R2_neutron_rich,hgb,adaptive,B/A,491,0.04284660159678417,0.0743372539484459,0.041021963365296975,0.022916442537974646,0.1396925573198189,1.9069163718245128
R2_neutron_rich,mlp,data,B/A,491,0.06577949238281121,0.08066826273276462,0.059566282992843875,0.05665166426315338,0.15436225052599895,
R2_neutron_rich,mlp,soft,B/A,491,0.02829923437745429,0.03662839848107686,0.009161065271731333,0.02270281549853337,0.07051301961687706,2.3244265730106486
R2_neutron_rich,mlp,residual,B/A,491,0.008690557866516263,0.01715137174116704,0.0019725469574941442,0.003410326130647512,0.03740953192390073,7.569075931966595
R2_neutron_rich,mlp,adaptive,B/A,491,0.03253593238539727,0.04097803478727715,0.019662276923316756,0.02714414535849219,0.07625129502805095,2.021749111217549
R2_neutron_rich_broad,physics,physics_only,B/A,519,0.04194323266959515,0.08731744905575503,-0.03591563064372723,0.016897524235197636,0.1388075960458811,
R2_neutron_rich_broad,BWN,physics_only_shell_aware,B/A,0,,,,,,
R2_neutron_rich_broad,ridge,data,B/A,519,0.02852528764036725,0.054718749780146264,0.011548230598835928,0.016463192967107965,0.07300316195845598,
R2_neutron_rich_broad,ridge,soft,B/A,519,0.02852528764036725,0.054718749780146264,0.011548230598835928,0.016463192967107965,0.07300316195845598,1.0
R2_neutron_rich_broad,ridge,residual,B/A,519,0.02324557566398615,0.03160460289611911,0.004822115877116574,0.016961562291793797,0.06167389480385612,1.227127607106794
R2_neutron_rich_broad,ridge,adaptive,B/A,519,0.020447258375321686,0.03193425645787081,-0.004544197767374502,0.012122094820893992,0.06367679230462106,1.395066620510608
R2_neutron_rich_broad,hgb,data,B/A,519,0.10328200614502232,0.18135538798229853,0.10269207540352632,0.04924052462976647,0.3893289464487456,
R2_neutron_rich_broad,hgb,soft,B/A,519,0.02877270299659243,0.043680759886604775,0.01952745177517423,0.01760713458357266,0.09249018684514176,3.5895830210061974
R2_neutron_rich_broad,hgb,residual,B/A,519,0.020880261328780108,0.05635708975428286,-0.014567046280125184,0.005338667344256365,0.07651853857106782,4.946394325183304
R2_neutron_rich_broad,hgb,adaptive,B/A,519,0.05292124142602811,0.10398025367303361,0.05074459017747869,0.022225844346172252,0.2115563939386759,1.9516172214022443
R2_neutron_rich_broad,mlp,data,B/A,519,0.08574991538208653,0.11631497431070918,0.08432814506330674,0.06728223030214764,0.21316670509148888,
R2_neutron_rich_broad,mlp,soft,B/A,519,0.02991696578788149,0.04097110590675411,0.012181879639086334,0.024606400917134508,0.06835718888815377,2.8662637778869064
R2_neutron_rich_broad,mlp,residual,B/A,519,0.013670874075108606,0.030168908649000264,0.008509819721029457,0.004828402744552207,0.053532338401032845,6.2724530202656625
R2_neutron_rich_broad,mlp,adaptive,B/A,519,0.03449669175237104,0.044364580908530134,0.023764795434370586,0.02848151333608495,0.08633738688869437,2.485743154666207
R3_proton_rich,physics,physics_only,B/A,491,0.02320351170436097,0.032084477794693415,-0.01659842076306169,0.016539490571684468,0.07425344374937781,
R3_proton_rich,BWN,physics_only_shell_aware,B/A,491,0.010397130793241404,0.019595827960625038,-0.007074108661687913,0.005426875260502229,0.04988499332353058,
R3_proton_rich,ridge,data,B/A,491,0.03438198511064136,0.08508417825875496,0.0255131055555214,0.011998965312592702,0.1400656910099558,
R3_proton_rich,ridge,soft,B/A,491,0.03438198511064136,0.08508417825875496,0.0255131055555214,0.011998965312592702,0.1400656910099558,1.0
R3_proton_rich,ridge,residual,B/A,491,0.032213151839912045,0.08245052805409425,0.01627656340765728,0.011581694706864099,0.12308057144461948,1.0673275710960433
R3_proton_rich,ridge,adaptive,B/A,491,0.024404811192568324,0.049916446036854314,0.005852363366350285,0.011933232308093622,0.08392169180746833,1.4088199592837356
R3_proton_rich,hgb,data,B/A,491,0.15925785667080133,0.29942024730402905,0.15872846555827827,0.08248379277329754,0.6510409708752025,
R3_proton_rich,hgb,soft,B/A,491,0.054954148898994956,0.11129769923452103,0.05353233376547433,0.024701772582274906,0.2385283576706061,2.898013341331431
R3_proton_rich,hgb,residual,B/A,491,0.011674464355800947,0.01970443521412636,-0.006712446739876525,0.005658690055107662,0.03904671201746135,13.641555776532686
R3_proton_rich,hgb,adaptive,B/A,491,0.05673188939516075,0.14530860036968216,0.05538798696617003,0.023354503067231747,0.2702342754223004,2.807201705578769
R3_proton_rich,mlp,data,B/A,491,0.11357079558409656,0.16445084033143337,0.07211210987224838,0.08800636679074092,0.27196622177410257,
R3_proton_rich,mlp,soft,B/A,491,0.04055279731582207,0.06571100584809648,0.01888579149106237,0.029290876213274863,0.10561299238448107,2.8005662519311785
R3_proton_rich,mlp,residual,B/A,491,0.03352939261228465,0.0848909549947752,0.02821455042057589,0.004485295849372406,0.185683378072921,3.3872011013550534
R3_proton_rich,mlp,adaptive,B/A,491,0.03772092542452822,0.07163096101385312,0.01393952338083791,0.02713886131077281,0.08679092745983397,3.0108167895119187
R3_proton_rich_broad,physics,physics_only,B/A,519,0.025691024862400255,0.03649653346883771,-0.010278979302067833,0.016577276374412087,0.07478413902155498,
R3_proton_rich_broad,BWN,physics_only_shell_aware,B/A,0,,,,,,
R3_proton_rich_broad,ridge,data,B/A,519,0.04372142254103172,0.09495899586646889,0.03490633364367254,0.013376055905355955,0.2297078386495801,
R3_proton_rich_broad,ridge,soft,B/A,519,0.04372142254103172,0.09495899586646889,0.03490633364367254,0.013376055905355955,0.2297078386495801,1.0
R3_proton_rich_broad,ridge,residual,B/A,519,0.047423557739845947,0.12393683650992966,0.032491166560082343,0.012786812611315312,0.2135781482777911,0.9219346802464035
R3_proton_rich_broad,ridge,adaptive,B/A,519,0.03217096015163179,0.062523164858836,0.014774458516319458,0.012878916973575905,0.14429633722447002,1.359033809838407
R3_proton_rich_broad,hgb,data,B/A,519,0.21038594441623304,0.4439561541607879,0.2101207784795374,0.08380336197779314,0.8429752523729598,
R3_proton_rich_broad,hgb,soft,B/A,519,0.0789146353446348,0.17994178099990024,0.07788092381057424,0.025346468547279954,0.3517700472245875,2.6659940009535457
R3_proton_rich_broad,hgb,residual,B/A,519,0.014532705573001153,0.024123354119021508,-0.010047659591596342,0.007695380518832451,0.050927824846401036,14.476722407910598
R3_proton_rich_broad,hgb,adaptive,B/A,519,0.10071596808205276,0.24865012961569952,0.1002526896928905,0.03201271752658119,0.45128635728170957,2.0889035613978586
R3_proton_rich_broad,mlp,data,B/A,519,0.1388969007179366,0.18830434381362535,0.12551219774475172,0.10363484474927454,0.346802529103475,
R3_proton_rich_broad,mlp,soft,B/A,519,0.04955432118473849,0.07312378254785491,0.04403749151666008,0.037101192153780715,0.13361690584135155,2.8029220741442304
R3_proton_rich_broad,mlp,residual,B/A,519,0.048640577277638056,0.12162721550102103,0.04188449606612653,0.005556168082601509,0.27448626169274604,2.8555767322645003
R3_proton_rich_broad,mlp,adaptive,B/A,519,0.048104680016747114,0.07793679975153188,0.04249953200659012,0.033678244981274474,0.1327386300414595,2.8873885174910456
R4_magic_pm1,physics,physics_only,B/A,524,0.035079519784612385,0.04882938537685079,-0.023790207302031793,0.022895598457550737,0.0985533731556397,
R4_magic_pm1,BWN,physics_only_shell_aware,B/A,524,0.010617660091021133,0.01676039571069065,0.0019061950698304843,0.00682316605721045,0.037835363492339874,
R4_magic_pm1,ridge,data,B/A,524,0.031917428286459985,0.040124788803700025,-0.021813698652095818,0.02724524327417832,0.07326771663863638,
R4_magic_pm1,ridge,soft,B/A,524,0.031917428286459985,0.040124788803700025,-0.021813698652095818,0.02724524327417832,0.07326771663863638,1.0
R4_magic_pm1,ridge,residual,B/A,524,0.03027330248107576,0.037156919422005746,-0.023416621097757884,0.026164945866363087,0.07184893292532885,1.0543094301129514
R4_magic_pm1,ridge,adaptive,B/A,524,0.030273212721730416,0.03822200912501969,-0.021817310924889404,0.02582478220531037,0.07530931701290473,1.0543125561149753
R4_magic_pm1,hgb,data,B/A,524,0.0334046257084744,0.05522126321528797,-0.0003710903712801378,0.017868837308234742,0.11441494549462579,
R4_magic_pm1,hgb,soft,B/A,524,0.023261533998873245,0.030466852282006213,-0.0144225605297312,0.019468888036944687,0.06321715080947071,1.436045692863268
R4_magic_pm1,hgb,residual,B/A,524,0.013357748486455396,0.0191078532738876,-0.011436125220092325,0.009978081261113658,0.04150065237183506,2.500767681196147
R4_magic_pm1,hgb,adaptive,B/A,524,0.022672769115908254,0.031533301130733535,-0.009607472333201207,0.01771313000923236,0.06075409923663757,1.473336826997289
R4_magic_pm1,mlp,data,B/A,524,0.032278839868012776,0.04482726848432129,-0.017837582584925335,0.024677207184406136,0.09353849706673549,
R4_magic_pm1,mlp,soft,B/A,524,0.031283413009289364,0.041881151991484566,-0.02140915741518919,0.02383177967958172,0.08268062784033484,1.0318196374042636
R4_magic_pm1,mlp,residual,B/A,524,0.019164473027239913,0.027901200633929285,-0.011098735192853159,0.010243034099103099,0.06290558206651728,1.684306154525221
R4_magic_pm1,mlp,adaptive,B/A,524,0.030283769543337228,0.04017515765382934,-0.020350463373594314,0.023764595669209854,0.08030640326198125,1.065879193863912
R4_magic_pm1_broad,physics,physics_only,B/A,548,0.038809402267462115,0.057613095985374584,-0.02184765706921873,0.027146216014937607,0.10510441577904586,
R4_magic_pm1_broad,BWN,physics_only_shell_aware,B/A,0,,,,,,
R4_magic_pm1_broad,ridge,data,B/A,548,0.03222513568029734,0.03987820700604356,-0.022883226563153367,0.027893482291939442,0.07430986026657736,
R4_magic_pm1_broad,ridge,soft,B/A,548,0.03222513568029734,0.03987820700604356,-0.022883226563153367,0.027893482291939442,0.07430986026657736,1.0
R4_magic_pm1_broad,ridge,residual,B/A,548,0.031240797536332635,0.03839345871163069,-0.023781278869007876,0.027317766666712373,0.07679814548552145,1.0315080990752536
R4_magic_pm1_broad,ridge,adaptive,B/A,548,0.030977307263195707,0.03900056133123573,-0.021633368825816193,0.026818931654818634,0.07757157116776268,1.0402820169777696
R4_magic_pm1_broad,hgb,data,B/A,548,0.04263277176389233,0.07692899483762392,-0.0018026841108577099,0.020852232435443874,0.1497636271976825,
R4_magic_pm1_broad,hgb,soft,B/A,548,0.026026653977470306,0.03503998689669227,-0.013829667885874312,0.020046226705268122,0.07123868890860495,1.6380427465165877
R4_magic_pm1_broad,hgb,residual,B/A,548,0.015160622365406438,0.022635501048671108,-0.0116268527759549,0.010667776538459073,0.04628753061892739,2.8120726666981652
R4_magic_pm1_broad,hgb,adaptive,B/A,548,0.02615376221084065,0.03867446585842049,-0.009488087198492362,0.01884633320743756,0.07420898591927648,1.6300817993298564
R4_magic_pm1_broad,mlp,data,B/A,548,0.038836989440776994,0.05588365491113663,-0.019480895053658482,0.027147907890038958,0.12421936707057843,
R4_magic_pm1_broad,mlp,soft,B/A,548,0.03440827224799984,0.0458215308259758,-0.02090095226299458,0.026165020114673698,0.09690657257734951,1.1287108274677928
R4_magic_pm1_broad,mlp,residual,B/A,548,0.02033143525486894,0.02947864672558748,-0.012045650802399156,0.011139870386244866,0.06525437959887934,1.9101941871750727
R4_magic_pm1_broad,mlp,adaptive,B/A,548,0.033244410657038474,0.04402368620000983,-0.01974062108383472,0.02612673881840788,0.09529767633510437,1.1682261370620648
R4_magic_pm2,physics,physics_only,B/A,817,0.0321154248753688,0.045239000595635064,-0.021363322098143303,0.021185220861861254,0.09400061849019001,
R4_magic_pm2,BWN,physics_only_shell_aware,B/A,0,,,,,,
R4_magic_pm2,ridge,data,B/A,817,0.030796196890110396,0.041151977936019234,-0.02013921121184985,0.02482737045567429,0.07579607971876778,
R4_magic_pm2,ridge,soft,B/A,817,0.030796196890110396,0.041151977936019234,-0.02013921121184985,0.02482737045567429,0.07579607971876778,1.0
R4_magic_pm2,ridge,residual,B/A,817,0.029412166560393343,0.03695911280571756,-0.022849707973216025,0.02520422237388331,0.07376870901384468,1.0470563882764352
R4_magic_pm2,ridge,adaptive,B/A,817,0.028563000490138293,0.03731840994822749,-0.01978116354060861,0.02211423437533888,0.07558484880946242,1.0781849372142518
R4_magic_pm2,hgb,data,B/A,817,0.10068823329312082,0.2079397628657212,-0.020032922609907373,0.036030775229916046,0.49682299269688873,
R4_magic_pm2,hgb,soft,B/A,817,0.044548523050907736,0.08340549598402525,-0.02083116230284882,0.021687186743145404,0.2173213353827263,2.2601924013970014
R4_magic_pm2,hgb,residual,B/A,817,0.015305366978468788,0.022224648041132646,-0.010826032984153352,0.009980085410084882,0.05007028922097836,6.57862261223573
R4_magic_pm2,hgb,adaptive,B/A,817,0.046758638902004095,0.09578312672737638,-0.015286393290127627,0.021528505058835634,0.212639488184397,2.1533610827325704
R4_magic_pm2,mlp,data,B/A,817,0.0396180946151888,0.05839786669632067,-0.017115233154247154,0.028040788319005472,0.13023747684227652,
R4_magic_pm2,mlp,soft,B/A,817,0.030992983078520515,0.04217465631105521,-0.01966408652058479,0.02341162887914905,0.08542814943972203,1.2782923965342938
R4_magic_pm2,mlp,residual,B/A,817,0.019042608598992,0.027286543455102907,-0.011850920385096535,0.01133316175033805,0.0566191990006959,2.0804972390855077
R4_magic_pm2,mlp,adaptive,B/A,817,0.030841262767236893,0.041863031347789396,-0.019518330878418446,0.023525073353525272,0.08450553101782624,1.2845808199940394
R4_magic_pm2_broad,physics,physics_only,B/A,858,0.036458936227257405,0.05802052538305284,-0.01995381368188902,0.024496776064161896,0.1021014610907189,
R4_magic_pm2_broad,BWN,physics_only_shell_aware,B/A,0,,,,,,
R4_magic_pm2_broad,ridge,data,B/A,858,0.030834439092239672,0.0397830157436198,-0.02054831271660596,0.025233444738717914,0.0763148497876279,
R4_magic_pm2_broad,ridge,soft,B/A,858,0.030834439092239672,0.0397830157436198,-0.02054831271660596,0.025233444738717914,0.0763148497876279,1.0
R4_magic_pm2_broad,ridge,residual,B/A,858,0.03009508845404302,0.03786636741905046,-0.02218830498876065,0.02574884917367548,0.07659852304404433,1.0245671528537184
R4_magic_pm2_broad,ridge,adaptive,B/A,858,0.029035962264055987,0.03747871733923718,-0.018588190271548365,0.02335220981322994,0.07710700684428815,1.0619396323713386
R4_magic_pm2_broad,hgb,data,B/A,858,0.10783811065619645,0.2092124272928673,-0.02847214651361265,0.036854327655332586,0.5418211959800482,
R4_magic_pm2_broad,hgb,soft,B/A,858,0.04709800805923642,0.08531903114220649,-0.023361146814578473,0.023574739164014424,0.21005148479524235,2.289653322929615
R4_magic_pm2_broad,hgb,residual,B/A,858,0.017155062903734745,0.028487354528125987,-0.010593712047901088,0.010757393683379135,0.054346251779858676,6.286080748367267
R4_magic_pm2_broad,hgb,adaptive,B/A,858,0.04976588081805011,0.0920675367323197,-0.02008836027529747,0.022881776862225145,0.2199017217581016,2.1669085100787266
R4_magic_pm2_broad,mlp,data,B/A,858,0.03992667889007008,0.05215223129629794,-0.021728352447551943,0.031013410883151238,0.10912134490987181,
R4_magic_pm2_broad,mlp,soft,B/A,858,0.032525701199282525,0.04400958823776273,-0.02066362918815419,0.025819587034219715,0.08618000413809773,1.2275424485222415
R4_magic_pm2_broad,mlp,residual,B/A,858,0.02052107208523866,0.02925773460951085,-0.013633553035064765,0.012983109951534288,0.05886317901913222,1.9456429334796
R4_magic_pm2_broad,mlp,adaptive,B/A,858,0.03096935243800855,0.03981036996204609,-0.0189745406342083,0.025135957661568398,0.07966021741014814,1.2892319582720186
R6_N126,physics,physics_only,B/A,14,0.026114642490807922,0.029594175981775318,-0.026114642490807922,0.02378443347445769,0.04678846883102645,
R6_N126,BWN,physics_only_shell_aware,B/A,0,,,,,,
R6_N126,ridge,data,B/A,14,0.021688954495942245,0.026274091374650612,-0.021688954495942245,0.019791129267981322,0.04372708506631562,
R6_N126,ridge,soft,B/A,14,0.021688954495942245,0.026274091374650612,-0.021688954495942245,0.019791129267981322,0.04372708506631562,1.0
R6_N126,ridge,residual,B/A,14,0.021946849194381408,0.026505147106280096,-0.021946849194381408,0.01954499749169969,0.04383552783606674,0.9882491242294048
R6_N126,ridge,adaptive,B/A,14,0.023282711271631142,0.027245786513088444,-0.023282711271631142,0.021129300988063537,0.04448424083741926,0.9315476296082917
R6_N126,hgb,data,B/A,14,0.019243403289279076,0.020155196269450157,-0.019243403289279076,0.019668138612205954,0.0270947246111616,
R6_N126,hgb,soft,B/A,14,0.023366146810196536,0.025295512703347442,-0.023366146810196536,0.02459745205456354,0.03681119676654996,0.8235591193359114
R6_N126,hgb,residual,B/A,14,0.0029688447423469482,0.003845741265136649,-0.0028561365257112137,0.001931939444848041,0.007353553193023199,6.481781621920272
R6_N126,hgb,adaptive,B/A,14,0.02116044842713765,0.022358824127374388,-0.02116044842713765,0.022712149452691843,0.029097825142969835,0.9094043236153719
R6_N126,mlp,data,B/A,14,0.022640849253929014,0.024723076793258764,-0.022396068814012664,0.02303344293337961,0.03605066665558239,
R6_N126,mlp,soft,B/A,14,0.024627213020089744,0.0272490695999295,-0.024627213020089744,0.024518160180502235,0.041313521923617764,0.919342730152196
R6_N126,mlp,residual,B/A,14,0.005107890827219868,0.005669225919427357,-0.005107890827219868,0.004002212244427206,0.009458442396453125,4.432524112159229
R6_N126,mlp,adaptive,B/A,14,0.023910906185402907,0.026287171598050076,-0.023910906185402907,0.024237567809435312,0.03981595989287481,0.9468837809146173
R6_N126_broad,physics,physics_only,B/A,14,0.02589847002970355,0.02963467695934033,-0.02589847002970355,0.023826988716796116,0.047107652039886094,
R6_N126_broad,BWN,physics_only_shell_aware,B/A,0,,,,,,
R6_N126_broad,ridge,data,B/A,14,0.02214694221439257,0.02656297510093855,-0.02214694221439257,0.02021930326825494,0.04411751944329181,
R6_N126_broad,ridge,soft,B/A,14,0.02214694221439257,0.02656297510093855,-0.02214694221439257,0.02021930326825494,0.04411751944329181,1.0
R6_N126_broad,ridge,residual,B/A,14,0.02224875919322373,0.026715314972129908,-0.02224875919322373,0.019800666015445056,0.04427154643753073,0.9954237008029567
R6_N126_broad,ridge,adaptive,B/A,14,0.023361493707503227,0.027362061592174164,-0.023361493707503227,0.02133873714974177,0.04474623349906639,0.948010537839857
R6_N126_broad,hgb,data,B/A,14,0.013769054356336368,0.015265594830640593,-0.013687794278594647,0.01529375354521223,0.02076154987065628,
R6_N126_broad,hgb,soft,B/A,14,0.021014199729260014,0.02344747828566931,-0.021014199729260014,0.021567261006385063,0.03502348512252964,0.6552262057909557
R6_N126_broad,hgb,residual,B/A,14,0.0027518892937493816,0.003680766507611064,-0.0027518892937493816,0.0018934576704863204,0.007219662994982511,5.0034913786725665
R6_N126_broad,hgb,adaptive,B/A,14,0.018085269872510627,0.019802660027352745,-0.018085269872510627,0.019472349191352656,0.02725743875848181,0.7613408289397522
R6_N126_broad,mlp,data,B/A,14,0.018288826170665105,0.020241509465410545,-0.018288826170665105,0.01431663385653481,0.0332928219202346,
R6_N126_broad,mlp,soft,B/A,14,0.022854612486088537,0.025762210583138677,-0.022854612486088537,0.019559002155770777,0.040340237636227315,0.8002247328322631
R6_N126_broad,mlp,residual,B/A,14,0.005220918780147648,0.005792361116961887,-0.005220918780147648,0.004011245289478715,0.010227560626760423,3.5029899795046986
R6_N126_broad,mlp,adaptive,B/A,14,0.021579544171161986,0.024136481910337095,-0.021579544171161986,0.01807344742488537,0.03823780972310513,0.8475075296124901
R6_N50,physics,physics_only,B/A,19,0.03671082463880815,0.04616177613283058,-0.03671082463880815,0.024346341441491504,0.08748187512806938,
R6_N50,BWN,physics_only_shell_aware,B/A,0,,,,,,
R6_N50,ridge,data,B/A,19,0.04187875233012939,0.042322876844864174,-0.04187875233012939,0.04019457272995197,0.052713038382914405,
R6_N50,ridge,soft,B/A,19,0.04187875233012939,0.042322876844864174,-0.04187875233012939,0.04019457272995197,0.052713038382914405,1.0
R6_N50,ridge,residual,B/A,19,0.04125089222693614,0.04194273886576608,-0.04125089222693614,0.038590180540316155,0.05844436896725237,1.015220521770515
R6_N50,ridge,adaptive,B/A,19,0.038471150989196574,0.04048170233686601,-0.038471150989196574,0.03416518882944786,0.0628135401974612,1.0885754975693276
R6_N50,hgb,data,B/A,19,0.018977430447185497,0.023068411008769225,-0.010102917576968719,0.018361580128853916,0.04398967032588245,
R6_N50,hgb,soft,B/A,19,0.02606766181407223,0.02943015960279594,-0.02606766181407223,0.023069519393709825,0.04939179026588842,0.7280066230159861
R6_N50,hgb,residual,B/A,19,0.014010162371116968,0.014847328857277447,-0.014010162371116968,0.013367400077248348,0.022776099671905557,1.3545475023407962
R6_N50,hgb,adaptive,B/A,19,0.021412431950119413,0.024437226272036646,-0.021412431950119413,0.020015410860480642,0.043664125227298976,0.8862809461061552
R6_N50,mlp,data,B/A,19,0.029951686217578797,0.03230087496187178,-0.028711638254582894,0.033320082857478894,0.04559288266946416,
R6_N50,mlp,soft,B/A,19,0.03351115008511794,0.036638743029072864,-0.03351115008511794,0.02708017369207205,0.05516873381197057,0.8937827004296139
R6_N50,mlp,residual,B/A,19,0.021450060429813508,0.022550331689060128,-0.021450060429813508,0.02238693394190605,0.031617587578957884,1.3963450739723255
R6_N50,mlp,adaptive,B/A,19,0.03306629326415561,0.035877174400048305,-0.03306629326415561,0.028230793556183187,0.05687965281744098,0.9058071909755576
R6_N50_broad,physics,physics_only,B/A,21,0.04133883510083224,0.05452410070852463,-0.04133883510083224,0.026633428502133683,0.10340042529652393,
R6_N50_broad,BWN,physics_only_shell_aware,B/A,0,,,,,,
R6_N50_broad,ridge,data,B/A,21,0.04532064884834436,0.04630669181728545,-0.04532064884834436,0.043745993300632335,0.06798601073764843,
R6_N50_broad,ridge,soft,B/A,21,0.04532064884834436,0.04630669181728545,-0.04532064884834436,0.043745993300632335,0.06798601073764843,1.0
R6_N50_broad,ridge,residual,B/A,21,0.04456789061468322,0.0458360862135978,-0.04456789061468322,0.039349326690601316,0.06849521359093913,1.016890147217628
R6_N50_broad,ridge,adaptive,B/A,21,0.04204394713804802,0.04521926485030338,-0.04204394713804802,0.036124736564568494,0.07706298322505667,1.07793515912142
R6_N50_broad,hgb,data,B/A,21,0.022400020412931352,0.02671239279356047,-0.016878259148565635,0.022202538270217786,0.044261476625544915,
R6_N50_broad,hgb,soft,B/A,21,0.031554604719925716,0.036017335458895496,-0.031554604719925716,0.024355655327763515,0.06179123380635865,0.7098811920399833
R6_N50_broad,hgb,residual,B/A,21,0.013669804858658773,0.0158280990154174,-0.013669804858658773,0.013146060815440563,0.027528313192609843,1.6386496109154518
R6_N50_broad,hgb,adaptive,B/A,21,0.02662383325943492,0.02975744297415974,-0.02662383325943492,0.024560294990672915,0.05181772668513496,0.841352189771293
R6_N50_broad,mlp,data,B/A,21,0.03298733344425141,0.03596206534145208,-0.03298733344425141,0.030694114291708985,0.05154803087173221,
R6_N50_broad,mlp,soft,B/A,21,0.037998234438200044,0.04215357946977995,-0.037998234438200044,0.03327862271810211,0.07100910205271482,0.8681280573154441
R6_N50_broad,mlp,residual,B/A,21,0.025090362648851387,0.026260921665589694,-0.025090362648851387,0.023203759979192995,0.03717411841359741,1.3147411978822687
R6_N50_broad,mlp,adaptive,B/A,21,0.03680619689673629,0.04002434751257602,-0.03680619689673629,0.03260177133202724,0.06648448816443597,0.8962440084967456
R6_N82,physics,physics_only,B/A,22,0.03934598179477118,0.04983215982870676,-0.03934598179477118,0.02478859354683749,0.09431836353359628,
R6_N82,BWN,physics_only_shell_aware,B/A,0,,,,,,
R6_N82,ridge,data,B/A,22,0.035796508112038404,0.04203660051842758,-0.035796508112038404,0.025050503797198864,0.07604888839889812,
R6_N82,ridge,soft,B/A,22,0.035796508112038404,0.04203660051842758,-0.035796508112038404,0.025050503797198864,0.07604888839889812,1.0
R6_N82,ridge,residual,B/A,22,0.036172751705435886,0.041602225501581984,-0.036172751705435886,0.02606296457679136,0.07492289145223552,0.989598701352296
R6_N82,ridge,adaptive,B/A,22,0.03648614939502914,0.04375024669204471,-0.03648614939502914,0.02284032579270434,0.07968699890870808,0.9810985457652955
R6_N82,hgb,data,B/A,22,0.014959678404274175,0.017129010043919136,-0.014385812606742815,0.01341438611331558,0.027266026582525082,
R6_N82,hgb,soft,B/A,22,0.029361914119559594,0.03559300866078262,-0.029361914119559594,0.019790473937078445,0.06704051603892917,0.5094926149350973
R6_N82,hgb,residual,B/A,22,0.0076657526698142445,0.008402092777669401,-0.0076657526698142445,0.006316024060609493,0.015049609036716746,1.9514950519055392
R6_N82,hgb,adaptive,B/A,22,0.022659922459437872,0.025653851730310515,-0.022659922459437872,0.017498440139477545,0.04553118889197182,0.660182241622961
R6_N82,mlp,data,B/A,22,0.031105197238411462,0.03464928519563835,-0.02914040225907254,0.02741982378724117,0.05488179219676894,
R6_N82,mlp,soft,B/A,22,0.035263749980491615,0.040584045725588616,-0.035263749980491615,0.02301359375428369,0.06831322785829981,0.8820728724432109
R6_N82,mlp,residual,B/A,22,0.008857017407924288,0.0094498902864504,-0.008857017407924288,0.008124705772610596,0.015187204730511803,3.511926849165041
R6_N82,mlp,adaptive,B/A,22,0.03322047299205137,0.03761211018585844,-0.03322047299205137,0.023795165845546862,0.0638201625923199,0.9363261397829576
R6_N82_broad,physics,physics_only,B/A,24,0.0394807486889364,0.048517717739459607,-0.0394807486889364,0.026111481187589547,0.092006165066734,
R6_N82_broad,BWN,physics_only_shell_aware,B/A,0,,,,,,
R6_N82_broad,ridge,data,B/A,24,0.03411623195101199,0.04065005171390942,-0.03411623195101199,0.022814988397566793,0.07612786995812434,
R6_N82_broad,ridge,soft,B/A,24,0.03411623195101199,0.04065005171390942,-0.03411623195101199,0.022814988397566793,0.07612786995812434,1.0
R6_N82_broad,ridge,residual,B/A,24,0.034644141451816414,0.04032976615525395,-0.034644141451816414,0.02398444361095997,0.07501445275368947,0.9847619401526042
R6_N82_broad,ridge,adaptive,B/A,24,0.035718666641900564,0.04240631655843636,-0.035718666641900564,0.02486434740361876,0.07929473756873691,0.9551373317779784
R6_N82_broad,hgb,data,B/A,24,0.018153531796471684,0.023297774853098235,-0.014952030291232044,0.015203122696449967,0.04069761538549316,
R6_N82_broad,hgb,soft,B/A,24,0.029669261329854518,0.03628262283612119,-0.029669261329854518,0.018872295525380167,0.07148274519423756,0.611863288224328
R6_N82_broad,hgb,residual,B/A,24,0.0074946057269900486,0.008067729983185586,-0.0074946057269900486,0.0067711740560332245,0.013046045686861159,2.422213049993549
R6_N82_broad,hgb,adaptive,B/A,24,0.02468600303873721,0.029442101516277276,-0.02468600303873721,0.01746468880096952,0.05672780793894007,0.7353775241777785
R6_N82_broad,mlp,data,B/A,24,0.028209910780608156,0.03189200100994552,-0.027042841759552478,0.023985880021887063,0.05211382331319596,
R6_N82_broad,mlp,soft,B/A,24,0.03450558591718252,0.039309995184001384,-0.03450558591718252,0.025544202426069695,0.06750498357972887,0.8175462039194253
R6_N82_broad,mlp,residual,B/A,24,0.008798548365535694,0.00976539009178522,-0.008798548365535694,0.007447854741836402,0.017931869296333322,3.206200569528905
R6_N82_broad,mlp,adaptive,B/A,24,0.032433113433213166,0.03617981581024392,-0.032433113433213166,0.026345800201115654,0.06167188850870015,0.8697873190219155
R7_light_random,physics,physics_only,B/A,509,0.041736483956367414,0.14214099737776564,-0.011156616733147561,0.014223382580956567,0.11234639262677282,
R7_light_random,BWN,physics_only_shell_aware,B/A,0,,,,,,
R7_light_random,ridge,data,B/A,509,0.03080961365612233,0.17391059198822484,-0.004975270725097994,0.01321321301109002,0.07477726198623741,
R7_light_random,ridge,soft,B/A,509,0.03080961365612233,0.17391059198822484,-0.004975270725097994,0.01321321301109002,0.07477726198623741,1.0
R7_light_random,ridge,residual,B/A,509,0.020606204618568963,0.05659473189883431,-0.0021824225968360505,0.012757857036822529,0.05710619836761202,1.495161977978163
R7_light_random,ridge,adaptive,B/A,509,0.02985645129988328,0.1305338399075091,-0.006056751275562449,0.01214447850146172,0.07951524484561892,1.03192483750548
R7_light_random,hgb,data,B/A,509,0.057511249508688855,0.2686640968070415,0.011373637552482514,0.0168380944090476,0.12200447647558146,
R7_light_random,hgb,soft,B/A,509,0.03172665161538907,0.10586592087170701,-0.0021445150188954395,0.01066272003499602,0.09517449777761547,1.8127109726509218
R7_light_random,hgb,residual,B/A,509,0.017393197380468822,0.09011458319186123,-0.0005433094525717868,0.001836668804592989,0.03512229647983184,3.306536932264646
R7_light_random,hgb,adaptive,B/A,509,0.03026480934528801,0.10538761617026488,0.0020220865827502007,0.010882211073942827,0.08264886885463693,1.9002680258959868
R7_light_random,mlp,data,B/A,509,0.03331396037458024,0.10269503574270747,0.0039301449946042176,0.010737751928678207,0.09913717218625469,
R7_light_random,mlp,soft,B/A,509,0.030023957223349232,0.09000083459464207,-0.005121912042046878,0.011508528208818092,0.09686145569644136,1.109579264543863
R7_light_random,mlp,residual,B/A,509,0.013484842652328658,0.056196293722901296,-0.0006067446301880695,0.001786699292258831,0.059618421217959607,2.4704745345194925
R7_light_random,mlp,adaptive,B/A,509,0.02614539947907447,0.06833372535264742,-0.0009502582226825295,0.011530897469523183,0.07759978720047848,1.2741805839013147
