regime,stage_index,cumulative_stage,n,B_mae,B_rmse,BA_mae,BA_rmse,fit_condition_number
R0_random,1,volume,468,1087.2989764601462,1204.9936208042184,7.591651602789755,7.600484344091405,11653.838474671118
R0_random,2,volume+surface,468,614.6709161686822,718.4682094923962,3.9220562551458475,4.050506372545401,11653.838474671118
R0_random,3,volume+surface+coulomb,468,101.08725989827819,129.8335129573988,0.6540480309510096,0.7743582161261926,11653.838474671118
R0_random,4,volume+surface+coulomb+asymmetry,468,2.3771186473465353,3.2094804121921405,0.02376129786948666,0.04018904230108896,11653.838474671118
R0_random,5,volume+surface+coulomb+asymmetry+pairing,468,2.2527708734558165,3.0677155141729546,0.022005624163641508,0.035730199725366105,11653.838474671118
R1_Ca,1,volume,19,326.7235657666908,328.93154087680045,7.270928104405994,7.27460379539686,11906.909746826066
R1_Ca,2,volume+surface,19,101.11080613008086,103.22416870699149,2.232161878495284,2.244374809549778,11906.909746826066
R1_Ca,3,volume+surface+coulomb,19,24.575605077509284,33.92910987019891,0.49705258232727895,0.6599547965457447,11906.909746826066
R1_Ca,4,volume+surface+coulomb+asymmetry,19,3.0933201537716797,3.7414642254325354,0.06557119803712054,0.07645977222563753,11906.909746826066
R1_Ca,5,volume+surface+coulomb+asymmetry+pairing,19,2.889388134683438,3.4963975277384236,0.06142547590997083,0.07271229518077965,11906.909746826066
R1_Sn,1,volume,32,869.8050069559201,872.875384835807,7.275403164837719,7.275774928173947,11836.328047661653
R1_Sn,2,volume+surface,32,437.17428270333284,440.14332891809295,3.647812875454453,3.650790620136718,11836.328047661653
R1_Sn,3,volume+surface+coulomb,32,81.54372634439306,101.08601804561265,0.6481458824300121,0.7860169765709497,11836.328047661653
R1_Sn,4,volume+surface+coulomb+asymmetry,32,4.641337867012229,6.470450669722565,0.03729894653328475,0.05069159957783602,11836.328047661653
R1_Sn,5,volume+surface+coulomb+asymmetry+pairing,32,4.285946164832055,6.114285984087877,0.03431043123181865,0.04766009740808395,11836.328047661653
R1_Ni,1,volume,22,444.32313020419826,446.4397533394534,7.1153930896671715,7.117777774115595,11882.267337284467
R1_Ni,2,volume+surface,22,163.24151014711924,165.20068011329784,2.6024719199520563,2.609315197752111,11882.267337284467
R1_Ni,3,volume+surface+coulomb,22,28.10309326205156,39.79727531170512,0.4123634839775879,0.5679680130049428,11882.267337284467
R1_Ni,4,volume+surface+coulomb+asymmetry,22,2.004711184976587,2.5167423908890534,0.03376770532694524,0.043705988194697724,11882.267337284467
R1_Ni,5,volume+surface+coulomb+asymmetry+pairing,22,1.7496697249020976,2.0675920069564118,0.029118297406966386,0.0353124648895097,11882.267337284467
R1_Pb,1,volume,38,1550.9379483223058,1553.1258080014725,7.8942772741325316,7.894467137284354,11656.88910030865
R1_Pb,2,volume+surface,38,948.2414494240664,950.1501855597874,4.8239251078356045,4.824246030571365,11656.88910030865
R1_Pb,3,volume+surface+coulomb,38,130.64634685399793,150.75557703303107,0.6457442132173521,0.7315940811582439,11656.88910030865
R1_Pb,4,volume+surface+coulomb+asymmetry,38,4.174726953884655,5.088488816206668,0.0208554851884895,0.025074392381444318,11656.88910030865
R1_Pb,5,volume+surface+coulomb+asymmetry+pairing,38,3.7751430388966702,4.737966312897856,0.018807171980267927,0.023270099946290833,11656.88910030865
R2_neutron_rich,1,volume,491,1151.36101609518,1261.082307179853,7.683214365430982,7.689761090597889,11808.92094394807
R2_neutron_rich,2,volume+surface,491,656.3022459688314,753.4158546619169,4.070530329617821,4.166041985008686,11808.92094394807
R2_neutron_rich,3,volume+surface+coulomb,491,176.48649386446814,192.98870655921525,1.1940762558861306,1.2089029642311755,11808.92094394807
R2_neutron_rich,4,volume+surface+coulomb+asymmetry,491,3.460019255294539,4.758427714595376,0.03167264332181843,0.05182551091634235,11808.92094394807
R2_neutron_rich,5,volume+surface+coulomb+asymmetry+pairing,491,3.3987298856776285,4.711465477034021,0.03109906765697402,0.05209266006411674,11808.92094394807
R3_proton_rich,1,volume,491,987.5054013574257,1102.4900591540531,7.723079717636111,7.730730771251928,12000.93593098178
R3_proton_rich,2,volume+surface,491,541.9967240389291,642.1915754574839,3.8351618683749606,3.9613059167676568,12000.93593098178
R3_proton_rich,3,volume+surface+coulomb,491,33.260650735689836,55.061355315766505,0.20035560124726515,0.2749037193637354,12000.93593098178
R3_proton_rich,4,volume+surface+coulomb+asymmetry,491,2.517872634179057,3.1541694662010222,0.026292484686041076,0.03893577752809762,12000.93593098178
R3_proton_rich,5,volume+surface+coulomb+asymmetry+pairing,491,2.3734973697388932,2.9996695754019136,0.02320351170436096,0.032084477794693415,12000.93593098178
R4_magic_pm1,1,volume,524,889.1832052139498,1014.5702914260083,7.472757790880111,7.480535346774743,12677.067920690746
R4_magic_pm1,2,volume+surface,524,472.0326286119788,582.716118066331,3.5290665511347465,3.66897957539974,12677.067920690746
R4_magic_pm1,3,volume+surface+coulomb,524,75.22553491686375,101.3296030839805,0.5937005320047293,0.7299041172668773,12677.067920690746
R4_magic_pm1,4,volume+surface+coulomb+asymmetry,524,3.5336954416821595,4.709385212837948,0.036298310251886186,0.04950758931318583,12677.067920690746
R4_magic_pm1,5,volume+surface+coulomb+asymmetry+pairing,524,3.492026634910258,4.703755923038174,0.03507951978461233,0.04882938537685074,12677.067920690746
R6_N50,1,volume,19,634.7995532263615,636.2537687973054,7.1309520011832435,7.131796693370024,11844.499017069751
R6_N50,2,volume+surface,19,278.71236542803706,280.21273463201095,3.1249012276925554,3.128509448657615,11844.499017069751
R6_N50,3,volume+surface+coulomb,19,39.57861501282611,51.99456233961756,0.46925717967444164,0.6290045462656109,11844.499017069751
R6_N50,4,volume+surface+coulomb+asymmetry,19,3.9280075280709488,4.788859826780992,0.04383563059242207,0.05294965030992006,11844.499017069751
R6_N50,5,volume+surface+coulomb+asymmetry+pairing,19,3.297874336719701,4.195686656157799,0.03671082463880871,0.046161776132830665,11844.499017069751
R6_N82,1,volume,22,1042.545166755108,1044.19150865087,7.416930706992036,7.417610874166951,11800.297425994828
R6_N82,2,volume+surface,22,560.9039329842584,562.6589961598519,3.986544345053997,3.989074569568441,11800.297425994828
R6_N82,3,volume+surface+coulomb,22,94.52958111650301,107.50837858272554,0.6906579083543922,0.7981342667088795,11800.297425994828
R6_N82,4,volume+surface+coulomb+asymmetry,22,5.836458525025157,7.0895130243765045,0.042722481767686,0.05292155051990095,11800.297425994828
R6_N82,5,volume+surface+coulomb+asymmetry+pairing,22,5.365197735048293,6.662758552044242,0.039345981794771265,0.04983215982870663,11800.297425994828
R6_N126,1,volume,14,1690.392015522848,1691.140160490257,7.953174112275588,7.953643316655264,11731.315891199223
R6_N126,2,volume+surface,14,1055.0358910397242,1055.8830569190898,4.962904152788384,4.964015169280479,11731.315891199223
R6_N126,3,volume+surface+coulomb,14,167.19819537842415,170.90935167682835,0.7902589304994253,0.8109651897794243,11731.315891199223
R6_N126,4,volume+surface+coulomb+asymmetry,14,5.886024176249082,6.572449885687009,0.02795851042766064,0.03139965008167757,11731.315891199223
R6_N126,5,volume+surface+coulomb+asymmetry+pairing,14,5.4953329637392345,6.191202830426813,0.026114642490807922,0.029594175981775384,11731.315891199223
R7_light_random,1,volume,509,981.007269401396,1099.4061282498728,7.232115295783921,7.258259441325882,10273.83778575951
R7_light_random,2,volume+surface,509,559.7675770123325,662.7119286817025,3.7363201679610905,3.8495837828718247,10273.83778575951
R7_light_random,3,volume+surface+coulomb,509,95.50020264385195,123.22635324724682,0.7192332788840133,0.9114249172774269,10273.83778575951
R7_light_random,4,volume+surface+coulomb+asymmetry,509,2.709712659767422,3.756069434504468,0.04711291848140273,0.1678920780144597,10273.83778575951
R7_light_random,5,volume+surface+coulomb+asymmetry+pairing,509,2.5638428036497656,3.6524450598166225,0.041736483956367414,0.14214099737776562,10273.83778575951
R4_magic_pm2,1,volume,817,903.4069442565401,1025.6186702887771,7.467943068340731,7.475798476365853,13220.458780991725
R4_magic_pm2,2,volume+surface,817,481.33441037261565,589.335355357859,3.5551087852068455,3.6928096297795237,13220.458780991725
R4_magic_pm2,3,volume+surface+coulomb,817,75.30797430979786,101.3403747839318,0.5834565157727521,0.7158580960465686,13220.458780991725
R4_magic_pm2,4,volume+surface+coulomb+asymmetry,817,3.4337853453544986,4.600703694189833,0.03416704185156831,0.0473602363723759,13220.458780991725
R4_magic_pm2,5,volume+surface+coulomb+asymmetry+pairing,817,3.289062377590712,4.484414669385579,0.0321154248753689,0.04523900059563513,13220.458780991725
R0_random_broad,1,volume,492,1052.6639426017484,1165.0054471354429,7.452834575682091,7.462020660491425,11520.543575366228
R0_random_broad,2,volume+surface,492,596.4938230866812,696.0502112482113,3.8773134362965984,3.990959145364657,11520.543575366228
R0_random_broad,3,volume+surface+coulomb,492,96.82395961679832,124.157974698522,0.6574433719836362,0.7841474185838191,11520.543575366228
R0_random_broad,4,volume+surface+coulomb+asymmetry,492,2.4866550709563753,3.2990258251481714,0.02835000266064983,0.06168956472824744,11520.543575366228
R0_random_broad,5,volume+surface+coulomb+asymmetry+pairing,492,2.287977024237299,3.0848172340621347,0.024781329737854192,0.054381135675873694,11520.543575366228
R1_Ca_broad,1,volume,21,328.7731563680237,331.87699228338204,7.149026521251033,7.153270512385029,11714.866396627765
R1_Ca_broad,2,volume+surface,21,106.49612731195032,109.8262471245087,2.2884888441189197,2.3088125849900636,11714.866396627765
R1_Ca_broad,3,volume+surface+coulomb,21,31.457889525898345,43.29323273555637,0.6182567440300368,0.8158877745004218,11714.866396627765
R1_Ca_broad,4,volume+surface+coulomb+asymmetry,21,3.292103379941585,3.8292874614009795,0.06864734229552455,0.0775604921697815,11714.866396627765
R1_Ca_broad,5,volume+surface+coulomb+asymmetry+pairing,21,3.2470541794490995,3.7066786753764744,0.06929777052181915,0.0781362742150566,11714.866396627765
R1_Sn_broad,1,volume,35,841.5358759563901,844.9563710689035,7.1357237863649,7.136209544374078,11649.943892135028
R1_Sn_broad,2,volume+surface,35,424.8014635157521,427.98645838615704,3.5925339059941663,3.5952341164307806,11649.943892135028
R1_Sn_broad,3,volume+surface+coulomb,35,74.34686583988615,95.18660514112595,0.5928966168291803,0.7403856007939779,11649.943892135028
R1_Sn_broad,4,volume+surface+coulomb+asymmetry,35,5.264663471412944,7.095245842118053,0.04426730486491398,0.05975917690146211,11649.943892135028
R1_Sn_broad,5,volume+surface+coulomb+asymmetry+pairing,35,4.8166731725784695,6.662763177116016,0.04039174072585747,0.05589538242282226,11649.943892135028
R1_Ni_broad,1,volume,22,434.3540949663109,436.4222784290633,6.9558885258609715,6.958327874239252,11685.37842940703
R1_Ni_broad,2,volume+surface,22,161.47838296178557,163.39423037414295,2.5747177571844793,2.5814944755311693,11685.37842940703
R1_Ni_broad,3,volume+surface+coulomb,22,27.962136644106884,39.55924204386456,0.41036670356266103,0.5647169235931718,11685.37842940703
R1_Ni_broad,4,volume+surface+coulomb+asymmetry,22,1.7052236799740166,2.1244109739466506,0.02847479409639013,0.03644251715671239,11685.37842940703
R1_Ni_broad,5,volume+surface+coulomb+asymmetry+pairing,22,1.608488168332524,1.840739785869948,0.026200552993973423,0.030418086438860712,11685.37842940703
R1_Pb_broad,1,volume,38,1520.1183188764653,1522.2589356698365,7.7374343761893245,7.737628087897061,11473.65217073148
R1_Pb_broad,2,volume+surface,38,934.7172815718852,936.5858606386715,4.755191495525003,4.755507146016855,11473.65217073148
R1_Pb_broad,3,volume+surface+coulomb,38,128.64805302044383,148.38459864373482,0.635911622288881,0.7201003640351176,11473.65217073148
R1_Pb_broad,4,volume+surface+coulomb+asymmetry,38,4.140966560854251,5.102909969051664,0.020640932177759034,0.025078242433234452,11473.65217073148
R1_Pb_broad,5,volume+surface+coulomb+asymmetry+pairing,38,3.7107981218238617,4.732528459010845,0.018435839173821463,0.02317674010877108,11473.65217073148
R2_neutron_rich_broad,1,volume,519,1121.0782710020978,1232.4768129012584,7.6385166498168156,7.646725118101089,11566.38804357464
R2_neutron_rich_broad,2,volume+surface,519,639.7791683345658,737.6363632939929,4.047546927704328,4.131491490551344,11566.38804357464
R2_neutron_rich_broad,3,volume+surface+coulomb,519,175.85389580748014,190.92688837187043,1.2540168508348697,1.2824997773364168,11566.38804357464
R2_neutron_rich_broad,4,volume+surface+coulomb+asymmetry,519,3.8469176559828324,5.257383623226604,0.042765066960469514,0.0903852835766623,11566.38804357464
R2_neutron_rich_broad,5,volume+surface+coulomb+asymmetry+pairing,519,3.7920217892681247,5.171684537026351,0.04194323266959505,0.08731744905575498,11566.38804357464
R3_proton_rich_broad,1,volume,519,940.8842541894629,1058.4167887332796,7.542487917291657,7.550038435876239,11917.497152610036
R3_proton_rich_broad,2,volume+surface,519,518.5591668641521,620.3414756044341,3.727962354433366,3.861968556545934,11917.497152610036
R3_proton_rich_broad,3,volume+surface+coulomb,519,30.5078549132595,51.894625321352926,0.19052553790543061,0.263218018525425,11917.497152610036
R3_proton_rich_broad,4,volume+surface+coulomb+asymmetry,519,2.6717643919796443,3.4707593169154007,0.02877078642115049,0.04357232695708341,11917.497152610036
R3_proton_rich_broad,5,volume+surface+coulomb+asymmetry+pairing,519,2.5115883069802485,3.2693529024084445,0.025691024862400106,0.03649653346883755,11917.497152610036
R4_magic_pm1_broad,1,volume,548,854.9989424736427,978.8661814772246,7.3238404696768376,7.332864177920147,12481.577357019853
R4_magic_pm1_broad,2,volume+surface,548,455.6527717171536,564.9326001004436,3.472196370658805,3.6040825721782332,12481.577357019853
R4_magic_pm1_broad,3,volume+surface+coulomb,548,73.48332062259695,98.5755139010948,0.6164317178577434,0.7760258985317958,12481.577357019853
R4_magic_pm1_broad,4,volume+surface+coulomb+asymmetry,548,3.634350098845285,4.7952144283031775,0.03997043338040158,0.058515151957077655,12481.577357019853
R4_magic_pm1_broad,5,volume+surface+coulomb+asymmetry+pairing,548,3.5896177652149994,4.765317821764905,0.0388094022674621,0.05761309598537461,12481.577357019853
R6_N50_broad,1,volume,21,624.0878404197468,625.9259103526666,7.006462653544905,7.007837622165847,11654.800024693937
R6_N50_broad,2,volume+surface,21,277.9269795861244,279.86169854970615,3.1129211345186807,3.1179780018029404,11654.800024693937
R6_N50_broad,3,volume+surface+coulomb,21,41.77482624277187,55.548472935430794,0.4986453395660996,0.6787074920441678,11654.800024693937
R6_N50_broad,4,volume+surface+coulomb+asymmetry,21,4.400471733995909,5.614301723195571,0.048805774840472944,0.0610795468472121,11654.800024693937
R6_N50_broad,5,volume+surface+coulomb+asymmetry+pairing,21,3.733442959487244,5.016105551849714,0.041338835100832416,0.05452410070852484,11654.800024693937
R6_N82_broad,1,volume,24,1031.7285203545005,1033.8651562386995,7.286345856554186,7.287480643562595,11608.1088667823
R6_N82_broad,2,volume+surface,24,561.6712396268591,564.0198812510911,3.9617296352638594,3.9655639937875424,11608.1088667823
R6_N82_broad,3,volume+surface+coulomb,24,86.31247276061511,101.29738411569252,0.6297946695699158,0.7519783466214838,11608.1088667823
R6_N82_broad,4,volume+surface+coulomb+asymmetry,24,5.940799739111394,7.002321027098398,0.04306707727494833,0.05185087623921637,11608.1088667823
R6_N82_broad,5,volume+surface+coulomb+asymmetry+pairing,24,5.436949181914628,6.53779842701904,0.03948074868893625,0.04851771773945935,11608.1088667823
R6_N126_broad,1,volume,14,1657.1688750935666,1657.913060435924,7.796829922020145,7.79730853444399,11546.025112304562
R6_N126_broad,2,volume+surface,14,1039.9862426921095,1040.8295247144774,4.8920925407779325,4.893208198526001,11546.025112304562
R6_N126_broad,3,volume+surface+coulomb,14,164.60798705086387,168.23362610992731,0.7780039928970724,0.7982483049508713,11546.025112304562
R6_N126_broad,4,volume+surface+coulomb+asymmetry,14,5.8667422368515,6.603565835741456,0.027877658817987618,0.031557306549439286,11546.025112304562
R6_N126_broad,5,volume+surface+coulomb+asymmetry+pairing,14,5.4473783268742055,6.197723210091613,0.025898470029704055,0.029634676959340647,11546.025112304562
R4_magic_pm2_broad,1,volume,858,869.7878557495171,991.0650872348795,7.332856787461852,7.34204431793168,13043.06820690543
R4_magic_pm2_broad,2,volume+surface,858,465.2031618512006,572.1707303616096,3.5015818361617845,3.6319580795769943,13043.06820690543
R4_magic_pm2_broad,3,volume+surface+coulomb,858,73.3342733320163,98.39560140955632,0.6068757855693211,0.763946994701666,13043.06820690543
R4_magic_pm2_broad,4,volume+surface+coulomb+asymmetry,858,3.527635818613353,4.698386971581777,0.03798225485091989,0.0607356103623566,13043.06820690543
R4_magic_pm2_broad,5,volume+surface+coulomb+asymmetry+pairing,858,3.4017230218681744,4.564351997579781,0.03645893622725736,0.05802052538305275,13043.06820690543
