regime,model,removed_term,n,B_mae,B_rmse,BA_mae,BA_rmse,rank,condition_number
R0_random,full,none,468,2.2527708734558134,3.067715514172955,0.02200562416364152,0.03573019972536618,5,11653.838474671118
R0_random,term_removed_refit,surface,468,11.626358044167068,14.450590521590696,0.16441288044882402,0.3473749588517761,4,11645.537626104202
R0_random,term_removed_refit,coulomb,468,21.522473381371324,26.271955482787902,0.2766477339249116,0.5685681616583793,4,2150.278160238653
R0_random,term_removed_refit,asymmetry,468,19.297284628656612,23.819267497294927,0.2475075059015006,0.5056979600683923,4,11649.496432053023
R0_random,term_removed_refit,pairing,468,2.375100014653774,3.2069142938862916,0.02371944886687455,0.04006126843046725,4,1379.3140345951408
R1_Ca,full,none,19,2.8893881346834234,3.496397527738419,0.06142547590997055,0.0727122951807797,5,11906.909746826066
R1_Ca,term_removed_refit,surface,19,26.54733181707321,27.006365545194754,0.6090920609396361,0.637393402661664,4,11899.913997974254
R1_Ca,term_removed_refit,coulomb,19,40.388362977410736,41.62049129534081,0.9286477388738162,0.9890317288138916,4,2194.01936426168
R1_Ca,term_removed_refit,asymmetry,19,36.71730993404687,37.742487597288076,0.8324762508899175,0.8708066613199757,4,11905.160793260733
R1_Ca,term_removed_refit,pairing,19,3.0898961795962117,3.735583947850929,0.06550180492737571,0.07634061375592063,4,1395.5396627154132
R1_Sn,full,none,32,4.285946164832051,6.114285984087856,0.03431043123181865,0.04766009740808382,5,11836.328047661653
R1_Sn,term_removed_refit,surface,32,10.022982140981409,10.924786887936868,0.08202776414032803,0.08849374514626208,4,11823.20188995752
R1_Sn,term_removed_refit,coulomb,32,22.393192306628443,24.111642247713476,0.18452958384610568,0.19768533017314965,4,2176.5504505636254
R1_Sn,term_removed_refit,asymmetry,32,17.26021652974256,18.579341386332587,0.14772530415970253,0.16029459357853468,4,11828.53632338809
R1_Sn,term_removed_refit,pairing,32,4.65061224812586,6.475910446690211,0.037374675820816716,0.05073507865952751,4,1375.4514943287681
R1_Ni,full,none,22,1.7496697249020976,2.067592006956418,0.029118297406966386,0.03531246488950977,5,11882.267337284467
R1_Ni,term_removed_refit,surface,22,15.736943373036807,16.85501417915307,0.2609727690775443,0.291156484441413,4,11873.768347061712
R1_Ni,term_removed_refit,coulomb,22,20.537643665848723,24.244023513364347,0.34768320318635715,0.43368017191465696,4,2188.5632981111876
R1_Ni,term_removed_refit,asymmetry,22,18.312477702431654,20.882394305131598,0.30102487905923864,0.35562528783363473,4,11878.696065546956
R1_Ni,term_removed_refit,pairing,22,1.9969830580469028,2.5072765977701104,0.03363286507738125,0.043532269276103486,4,1383.9993606615565
R1_Pb,full,none,38,3.775143038896688,4.737966312897875,0.018807171980268045,0.02327009994629093,5,11656.88910030865
R1_Pb,term_removed_refit,surface,38,8.7065512797006,9.908459136161348,0.04425531070403391,0.05035570795780595,4,11645.477796091209
R1_Pb,term_removed_refit,coulomb,38,14.328699458283944,17.378972132469883,0.07462307939934656,0.09277973539213388,4,2152.3285211959283
R1_Pb,term_removed_refit,asymmetry,38,9.882631648695044,11.003384451391028,0.04990479987300872,0.05523813316344441,4,11650.854982814984
R1_Pb,term_removed_refit,pairing,38,4.159008471694565,5.076114971355334,0.02077423871165906,0.02500936633372934,4,1355.5609648558427
R2_neutron_rich,full,none,491,3.398729885677654,4.711465477034038,0.03109906765697418,0.05209266006411673,5,11808.92094394807
R2_neutron_rich,term_removed_refit,surface,491,12.200241520073673,15.362491145803936,0.15241881366120316,0.3110036003502239,4,11791.364492529214
R2_neutron_rich,term_removed_refit,coulomb,491,21.529329501268975,25.800781827269862,0.24959421460989248,0.5036295152846569,4,2120.649663410913
R2_neutron_rich,term_removed_refit,asymmetry,491,29.117781246717662,34.91055639384011,0.30892553728001376,0.526012829854153,4,11797.827610268994
R2_neutron_rich,term_removed_refit,pairing,491,3.44606739489999,4.739437054684581,0.031344237988883805,0.051066236577838264,4,1446.7464284591588
R3_proton_rich,full,none,491,2.3734973697388897,2.9996695754019056,0.023203511704360986,0.03208447779469343,5,12000.93593098178
R3_proton_rich,term_removed_refit,surface,491,13.479856205420967,17.30414083552031,0.23156807471174717,0.4670466386384566,4,11992.91807702489
R3_proton_rich,term_removed_refit,coulomb,491,26.879155959134383,32.68459744567781,0.4126897247153727,0.7995305588635674,4,2256.2389783005283
R3_proton_rich,term_removed_refit,asymmetry,491,16.7801335639447,22.277755399294527,0.29818196551215,0.6409723150644294,4,11998.014929274217
R3_proton_rich,term_removed_refit,pairing,491,2.5067652540821013,3.1423902425021235,0.026184669177176965,0.03876353239112998,4,1414.137027919952
R4_magic_pm1,full,none,524,3.4920266349102587,4.7037559230381865,0.0350795197846124,0.048829385376850803,5,12677.067920690746
R4_magic_pm1,term_removed_refit,surface,524,13.626083292308772,16.990314575911025,0.22028290532801828,0.36513225845854963,4,12625.319350522153
R4_magic_pm1,term_removed_refit,coulomb,524,23.22240410500199,28.59116147451332,0.3650607366480216,0.6041524223546807,4,2317.150550532818
R4_magic_pm1,term_removed_refit,asymmetry,524,20.49790214295118,25.629470940786412,0.3290683938411557,0.5503160509849825,4,12644.671268141323
R4_magic_pm1,term_removed_refit,pairing,524,3.4938942841871317,4.656835006345529,0.035977279686671707,0.04883276367771346,4,1495.4201506940742
R6_N50,full,none,19,3.2978743367196652,4.195686656157782,0.03671082463880815,0.04616177613283058,5,11844.499017069751
R6_N50,term_removed_refit,surface,19,3.803564595814859,5.0002088326859955,0.044482573161879764,0.06047140649616489,4,11833.667364473622
R6_N50,term_removed_refit,coulomb,19,9.124373151698382,10.33055793790167,0.10380150215086849,0.11861859085877308,4,2180.8936069851106
R6_N50,term_removed_refit,asymmetry,19,12.697691585252546,14.36786198939183,0.14455659771796855,0.1669777373096452,4,11838.748113374346
R6_N50,term_removed_refit,pairing,19,3.9304183748396087,4.784836573013832,0.043860374122572814,0.05289817532549758,4,1375.9028367695182
R6_N82,full,none,22,5.365197735048272,6.662758552044247,0.03934598179477118,0.049832159828706715,5,11800.297425994828
R6_N82,term_removed_refit,surface,22,13.907409918146216,14.762016733718864,0.09980275993424174,0.10631009590896093,4,11787.40047741859
R6_N82,term_removed_refit,coulomb,22,25.88812083896809,28.025518393874947,0.18607829442209958,0.2019370360858644,4,2171.8058490852704
R6_N82,term_removed_refit,asymmetry,22,22.58672370267427,24.18679330792504,0.1592426237995502,0.16978679671390992,4,11793.158657248585
R6_N82,term_removed_refit,pairing,22,5.848264400483045,7.095826317025882,0.04280670302729206,0.05296505891879635,4,1375.150518165429
R6_N126,full,none,14,5.495332963739202,6.191202830426766,0.026114642490807798,0.02959417598177519,5,11731.315891199223
R6_N126,term_removed_refit,surface,14,8.675015977557289,9.916358059177618,0.04115482534829879,0.047271214767897786,4,11719.71320469313
R6_N126,term_removed_refit,coulomb,14,13.973005081699966,16.14591432923829,0.06562811908239105,0.07550412374805401,4,2163.685477880962
R6_N126,term_removed_refit,asymmetry,14,4.901988924532215,5.591274431431774,0.02308252436546202,0.0263104206170529,4,11725.650862287506
R6_N126,term_removed_refit,pairing,14,5.855986892186446,6.5502893010349075,0.027818093805555794,0.031296127372036533,4,1366.0398630287332
R7_light_random,full,none,509,2.5638428036497625,3.652445059816623,0.04173648395636743,0.14214099737776564,5,10273.83778575951
R7_light_random,term_removed_refit,surface,509,12.15206479162718,15.777510475514184,0.2447247417909438,0.6312985960235611,4,10234.809595941328
R7_light_random,term_removed_refit,coulomb,509,22.8823237917512,28.869210807789432,0.4130832781605821,1.0901282144541573,4,1884.6447848222615
R7_light_random,term_removed_refit,asymmetry,509,20.869869920419305,26.8601894967307,0.3783621355527778,1.003293929042554,4,10251.319236668738
R7_light_random,term_removed_refit,pairing,509,2.7132940357231816,3.750912145775677,0.04700015002889144,0.1657496833506239,4,1071.6196125302436
R4_magic_pm2,full,none,817,3.289062377590699,4.4844146693855755,0.03211542487536881,0.04523900059563507,5,13220.458780991725
R4_magic_pm2,term_removed_refit,surface,817,13.268531223810973,16.825710937599556,0.2143906755789761,0.3650083683822542,4,13213.57005645772
R4_magic_pm2,term_removed_refit,coulomb,817,23.047442523103534,28.84073493184056,0.363322689538583,0.6190843684113697,4,2414.2015834802264
R4_magic_pm2,term_removed_refit,asymmetry,817,20.679319586404347,26.047136409908404,0.3292280437441061,0.5629145914099883,4,13219.685657008433
R4_magic_pm2,term_removed_refit,pairing,817,3.450111100179269,4.619397879821433,0.03432728171764184,0.04760923543310706,4,1577.3009669405685
R0_random_broad,full,none,492,2.287977024237305,3.0848172340621347,0.024781329737854213,0.05438113567587368,5,11520.543575366228
R0_random_broad,term_removed_refit,surface,492,11.53520059933586,14.562913219543534,0.1662375043646329,0.3596487758197126,4,11504.709948283324
R0_random_broad,term_removed_refit,coulomb,492,21.860845963116077,26.646262173893263,0.280880009574097,0.5849240363124913,4,2123.398574175253
R0_random_broad,term_removed_refit,asymmetry,492,19.302527994899396,24.039787400608194,0.253366985033383,0.536748565779659,4,11516.28913460483
R0_random_broad,term_removed_refit,pairing,492,2.486470133857358,3.2950062446301644,0.028393309556770982,0.061480699961884426,4,1244.4838865609736
R1_Ca_broad,full,none,21,3.247054179449086,3.706678675376475,0.06929777052181872,0.07813627421505663,5,11714.866396627765
R1_Ca_broad,term_removed_refit,surface,21,26.236758220148857,26.74080979904279,0.5880765583115481,0.6152892351447333,4,11703.423651395819
R1_Ca_broad,term_removed_refit,coulomb,21,38.16029845080983,39.558359345675385,0.8560916665952595,0.9142928643433467,4,2156.944539514718
R1_Ca_broad,term_removed_refit,asymmetry,21,36.27330203586668,37.94314880343437,0.7966447588567275,0.836216441207063,4,11710.375314850391
R1_Ca_broad,term_removed_refit,pairing,21,3.287052849652766,3.816782911217022,0.0686033456036902,0.07742629427747792,4,1271.0557766391305
R1_Sn_broad,full,none,35,4.81667317257845,6.662763177116008,0.04039174072585742,0.05589538242282223,5,11649.943892135028
R1_Sn_broad,term_removed_refit,surface,35,10.498390460279516,11.657720218157905,0.08637259471925905,0.09440266567535592,4,11629.38984833539
R1_Sn_broad,term_removed_refit,coulomb,35,23.850662520571237,25.855880238634544,0.19803073142166364,0.21244736367827943,4,2140.290707096171
R1_Sn_broad,term_removed_refit,asymmetry,35,17.868022948240547,19.693713033279483,0.15362665449135515,0.1702224450600612,4,11637.759201321496
R1_Sn_broad,term_removed_refit,pairing,35,5.271311994799021,7.096056527688061,0.04430900300222247,0.0597236068025856,4,1254.200682843591
R1_Ni_broad,full,none,22,1.6084881683325265,1.8407397858699461,0.02620055299397334,0.03041808643886053,5,11685.37842940703
R1_Ni_broad,term_removed_refit,surface,22,14.83363494050485,16.072316917537744,0.24691152635185054,0.27962517780118407,4,11670.544763160433
R1_Ni_broad,term_removed_refit,coulomb,22,17.226506820807945,21.606591113495938,0.2949461501719075,0.3919252950968442,4,2150.4353497671523
R1_Ni_broad,term_removed_refit,asymmetry,22,15.361892936898055,18.357930285128685,0.2533195732232914,0.31492719059099966,4,11677.764729630137
R1_Ni_broad,term_removed_refit,pairing,22,1.6896412216437862,2.102996104883572,0.028185748106516053,0.036033220325452364,4,1259.2824935796775
R1_Pb_broad,full,none,38,3.7107981218238617,4.732528459010857,0.018435839173821418,0.023176740108771125,5,11473.65217073148
R1_Pb_broad,term_removed_refit,surface,38,9.37035505093275,10.591209744301567,0.04761451832053787,0.05385513751802341,4,11454.990319244756
R1_Pb_broad,term_removed_refit,coulomb,38,15.300112396879848,18.433530764594448,0.0796154494561457,0.09836334449913901,4,2116.4387846484638
R1_Pb_broad,term_removed_refit,asymmetry,38,9.916910018642668,11.061059607809808,0.05007215075353239,0.055514411484066065,4,11463.692241932655
R1_Pb_broad,term_removed_refit,pairing,38,4.118993468345108,5.091983751481625,0.020522696791396313,0.025013871948381217,4,1236.203772249653
R2_neutron_rich_broad,full,none,519,3.7920217892681425,5.171684537026366,0.041943232669595175,0.08731744905575504,5,11566.38804357464
R2_neutron_rich_broad,term_removed_refit,surface,519,13.401880506829086,17.192857472583484,0.18199602484935418,0.37952056552587915,4,11549.926970187105
R2_neutron_rich_broad,term_removed_refit,coulomb,519,23.917964904308572,29.38710648512577,0.3032541103777369,0.6369493401359565,4,2074.301291659529
R2_neutron_rich_broad,term_removed_refit,asymmetry,519,31.197916176704997,38.119237523213016,0.3698403499173548,0.6802111825549414,4,11560.98994791492
R2_neutron_rich_broad,term_removed_refit,pairing,519,3.8543420670785182,5.255285777045879,0.04259220433102145,0.0896169201207774,4,1371.5534089076507
R3_proton_rich_broad,full,none,519,2.511588306980254,3.2693529024084493,0.0256910248624002,0.03649653346883768,5,11917.497152610036
R3_proton_rich_broad,term_removed_refit,surface,519,15.532059990189016,18.830692011791506,0.27040169802995107,0.5134138857627437,4,11907.613123786206
R3_proton_rich_broad,term_removed_refit,coulomb,519,29.95562196777403,35.00982236570646,0.4669611071994526,0.8531325744550532,4,2240.275728519608
R3_proton_rich_broad,term_removed_refit,asymmetry,519,16.845639253341165,22.238781509238763,0.32037432773328806,0.673880351708758,4,11913.371324083573
R3_proton_rich_broad,term_removed_refit,pairing,519,2.6584730080189045,3.4540276415035835,0.028733676108606977,0.04356515492005085,4,1279.3645521667684
R4_magic_pm1_broad,full,none,548,3.589617765214999,4.765317821764899,0.03880940226746209,0.057613095985374584,5,12481.577357019853
R4_magic_pm1_broad,term_removed_refit,surface,548,14.29675285914596,17.83498792188062,0.23671362205377935,0.39603317050743825,4,12409.595248356009
R4_magic_pm1_broad,term_removed_refit,coulomb,548,24.07465550871903,29.670488907467444,0.3847105494206427,0.6504617856782452,4,2277.5058329949657
R4_magic_pm1_broad,term_removed_refit,asymmetry,548,21.390408880259425,27.11018788212967,0.35228714105869047,0.6112659903163915,4,12440.017967253147
R4_magic_pm1_broad,term_removed_refit,pairing,548,3.5995477001890155,4.746315854143227,0.03974821209168026,0.0577117368972394,4,1360.730157367122
R6_N50_broad,full,none,21,3.733442959487228,5.016105551849674,0.04133883510083224,0.05452410070852463,5,11654.800024693937
R6_N50_broad,term_removed_refit,surface,21,4.345659802387006,5.647481826170593,0.050696214072428566,0.06835537764946754,4,11637.060802311602
R6_N50_broad,term_removed_refit,coulomb,21,10.84233101118862,12.314486218315835,0.12286415206642602,0.1406027715462697,4,2143.946720504592
R6_N50_broad,term_removed_refit,asymmetry,21,14.40251833849409,16.6466169008361,0.1648639691637872,0.1951346074805967,4,11644.90043063348
R6_N50_broad,term_removed_refit,pairing,21,4.389314316956172,5.5927244975171355,0.04868071920620546,0.06083941822346062,4,1254.8303471985448
R6_N82_broad,full,none,24,5.436949181914646,6.537798427019072,0.0394807486889364,0.0485177177394596,5,11608.1088667823
R6_N82_broad,term_removed_refit,surface,24,13.735940376808875,15.085916265873342,0.09868560742849881,0.10894371920296884,4,11587.409391369298
R6_N82_broad,term_removed_refit,coulomb,24,26.399504971876933,28.98782723987972,0.18961064506267566,0.20929123688101547,4,2134.6287113952085
R6_N82_broad,term_removed_refit,asymmetry,24,23.090486676202527,24.83715634779684,0.16220967337436132,0.17406451659755603,4,11596.60785036674
R6_N82_broad,term_removed_refit,pairing,24,5.952045943412476,7.011744095605233,0.04315223946737312,0.051925604197242264,4,1252.797211022221
R6_N126_broad,full,none,14,5.447378326874124,6.19772321009157,0.02589847002970355,0.029634676959340352,5,11546.025112304562
R6_N126_broad,term_removed_refit,surface,14,9.25477255931472,10.609340497544501,0.043904812448390285,0.050576627891953246,4,11527.113946729212
R6_N126_broad,term_removed_refit,coulomb,14,14.977616093897252,17.368445741331822,0.07034420951201893,0.08122674183079533,4,2127.504294996814
R6_N126_broad,term_removed_refit,asymmetry,14,4.864731376521344,5.605082593021155,0.02288067393986548,0.026309906668296825,4,11536.480432390033
R6_N126_broad,term_removed_refit,pairing,14,5.834568189169919,6.585434834408437,0.027728289752501998,0.03147409115599009,4,1245.6226504489548
R4_magic_pm2_broad,full,none,858,3.401723021868173,4.564351997579783,0.036458936227257384,0.05802052538305286,5,13043.06820690543
R4_magic_pm2_broad,term_removed_refit,surface,858,13.966944946955314,17.70196685432788,0.23292558769382612,0.4007415253400827,4,13036.6358290371
R4_magic_pm2_broad,term_removed_refit,coulomb,858,24.09864534274842,30.131629072821358,0.38945377527093694,0.6791818150364645,4,2380.646714461923
R4_magic_pm2_broad,term_removed_refit,asymmetry,858,21.73005420521736,27.698216413182383,0.3582439055232387,0.6372431860098949,4,13040.981940988253
R4_magic_pm2_broad,term_removed_refit,pairing,858,3.541343075632869,4.715491435830125,0.038089159081896674,0.06082315110195251,4,1446.0515176836298
